Domain Code,Domain,Area Code (M49),Area,Element Code,Element,Item Code (CPC),Item,Year Code,Year,Unit,Value,Flag,Flag Description,Note
"QCL","Crops and livestock products","854","Burkina Faso","5510","Production","01371","Almonds, in shell","2022","2022","t","1913.31","E","Estimated value",""
"QCL","Crops and livestock products","854","Burkina Faso","5510","Production","01708","Bambara beans, dry","2022","2022","t","57208.53","A","Official value",""
"QCL","Crops and livestock products","854","Burkina Faso","5510","Production","01312","Bananas","2022","2022","t","46365.47","I","Value imputed by a receiving agency",""
"QCL","Crops and livestock products","854","Burkina Faso","5510","Production","24310.01","Beer of barley, malted","2022","2022","t","345000","X","Value from external organization","Unofficial figure"
"QCL","Crops and livestock products","854","Burkina Faso","5510","Production","22230.04","Buttermilk, dry","2022","2022","t","28.18","I","Value imputed by a receiving agency",""
"QCL","Crops and livestock products","854","Burkina Faso","5510","Production","01372","Cashew nuts, in shell","2022","2022","t","144765.45","I","Value imputed by a receiving agency",""
"QCL","Crops and livestock products","854","Burkina Faso","5510","Production","01520.01","Cassava, fresh","2022","2022","t","17356.95","I","Value imputed by a receiving agency",""
"QCL","Crops and livestock products","854","Burkina Faso","5510","Production","21512","Cattle fat, unrendered","2022","2022","t","3100.13","I","Value imputed by a receiving agency",""
"QCL","Crops and livestock products","854","Burkina Faso","5510","Production","01231","Chillies and peppers, green (Capsicum spp. and Pimenta spp.)","2022","2022","t","8666.76","I","Value imputed by a receiving agency",""
"QCL","Crops and livestock products","854","Burkina Faso","5510","Production","01921.02","Cotton lint, ginned","2022","2022","t","270208.48","I","Value imputed by a receiving agency",""
"QCL","Crops and livestock products","854","Burkina Faso","5510","Production","0143","Cotton seed","2022","2022","t","415000","X","Value from external organization","Unofficial figure"
"QCL","Crops and livestock products","854","Burkina Faso","5510","Production","2168","Cottonseed oil","2022","2022","t","8000","E","Estimated value",""
"QCL","Crops and livestock products","854","Burkina Faso","5510","Production","01706","Cow peas, dry","2022","2022","t","829204.07","A","Official value",""
"QCL","Crops and livestock products","854","Burkina Faso","5510","Production","21151","Edible offal of cattle, fresh, chilled or frozen","2022","2022","t","22217.58","I","Value imputed by a receiving agency",""
"QCL","Crops and livestock products","854","Burkina Faso","5510","Production","21156","Edible offal of goat, fresh, chilled or frozen","2022","2022","t","6991.92","I","Value imputed by a receiving agency",""
"QCL","Crops and livestock products","854","Burkina Faso","5510","Production","21153","Edible offal of pigs, fresh, chilled or frozen","2022","2022","t","12289.68","I","Value imputed by a receiving agency",""
"QCL","Crops and livestock products","854","Burkina Faso","5510","Production","21155","Edible offal of sheep, fresh, chilled or frozen","2022","2022","t","6141.98","I","Value imputed by a receiving agency",""
"QCL","Crops and livestock products","854","Burkina Faso","5510","Production","21159.02","Edible offals of camels and other camelids, fresh, chilled or frozen","2022","2022","t","69.26","I","Value imputed by a receiving agency",""
"QCL","Crops and livestock products","854","Burkina Faso","5510","Production","21159.01","Edible offals of horses and other equines, fresh, chilled or frozen","2022","2022","t","10.47","I","Value imputed by a receiving agency",""
"QCL","Crops and livestock products","854","Burkina Faso","5510","Production","21519.02","Fat of camels","2022","2022","t","10.66","I","Value imputed by a receiving agency",""
"QCL","Crops and livestock products","854","Burkina Faso","5510","Production","21511.01","Fat of pigs","2022","2022","t","18565.27","I","Value imputed by a receiving agency",""
"QCL","Crops and livestock products","854","Burkina Faso","5510","Production","01193","Fonio","2022","2022","t","8186.62","A","Official value",""
"QCL","Crops and livestock products","854","Burkina Faso","5510","Production","21170.02","Game meat, fresh, chilled or frozen","2022","2022","t","7274.67","E","Estimated value",""
"QCL","Crops and livestock products","854","Burkina Faso","5510","Production","22241.02","Ghee from cow milk","2022","2022","t","1696.18","I","Value imputed by a receiving agency",""
"QCL","Crops and livestock products","854","Burkina Faso","5510","Production","21515","Goat fat, unrendered","2022","2022","t","1021.9","I","Value imputed by a receiving agency",""
"QCL","Crops and livestock products","854","Burkina Faso","5510","Production","23913","Green tea (not fermented), black tea (fermented) and partly fermented tea, in immediate packings of a content not exceeding 3 kg","2022","2022","t","1483.92","I","Value imputed by a receiving agency",""
"QCL","Crops and livestock products","854","Burkina Faso","5510","Production","2162","Groundnut oil","2022","2022","t","23698.29","I","Value imputed by a receiving agency",""
"QCL","Crops and livestock products","854","Burkina Faso","5510","Production","0142","Groundnuts, excluding shelled","2022","2022","t","559064.39","A","Official value",""
"QCL","Crops and livestock products","854","Burkina Faso","5510","Production","0231","Hen eggs in shell, fresh","2022","2022","t","68333.33","E","Estimated value",""
"QCL","Crops and livestock products","854","Burkina Faso","5513","Production","0231","Hen eggs in shell, fresh","2022","2022","1000 No","1220238","E","Estimated value",""
"QCL","Crops and livestock products","854","Burkina Faso","5510","Production","21118.01","Horse meat, fresh or chilled","2022","2022","t","88.77","I","Value imputed by a receiving agency",""
"QCL","Crops and livestock products","854","Burkina Faso","5510","Production","01499.01","Karite nuts (sheanuts)","2022","2022","t","140000","E","Estimated value",""
"QCL","Crops and livestock products","854","Burkina Faso","5510","Production","01322","Lemons and limes","2022","2022","t","321.28","E","Estimated value",""
"QCL","Crops and livestock products","854","Burkina Faso","5510","Production","0112","Maize (corn)","2022","2022","t","1810276.28","A","Official value",""
"QCL","Crops and livestock products","854","Burkina Faso","5510","Production","01316","Mangoes, guavas and mangosteens","2022","2022","t","14655.38","E","Estimated value",""
"QCL","Crops and livestock products","854","Burkina Faso","5510","Production","21118.02","Meat of asses, fresh or chilled","2022","2022","t","1834","A","Official value",""
"QCL","Crops and livestock products","854","Burkina Faso","5510","Production","21117.01","Meat of camels, fresh or chilled","2022","2022","t","444","A","Official value",""
"QCL","Crops and livestock products","854","Burkina Faso","5510","Production","21111.01","Meat of cattle with the bone, fresh or chilled","2022","2022","t","129172","A","Official value",""
"QCL","Crops and livestock products","854","Burkina Faso","5510","Production","21121","Meat of chickens, fresh or chilled","2022","2022","t","150905","A","Official value",""
"QCL","Crops and livestock products","854","Burkina Faso","5510","Production","21116","Meat of goat, fresh or chilled","2022","2022","t","26892","A","Official value",""
"QCL","Crops and livestock products","854","Burkina Faso","5510","Production","21113.01","Meat of pig with the bone, fresh or chilled","2022","2022","t","180423","A","Official value",""
"QCL","Crops and livestock products","854","Burkina Faso","5510","Production","21115","Meat of sheep, fresh or chilled","2022","2022","t","23623","A","Official value",""
"QCL","Crops and livestock products","854","Burkina Faso","5510","Production","0118","Millet","2022","2022","t","907744.77","A","Official value",""
"QCL","Crops and livestock products","854","Burkina Faso","5510","Production","23540","Molasses","2022","2022","t","15000","I","Value imputed by a receiving agency",""
"QCL","Crops and livestock products","854","Burkina Faso","5510","Production","02910","Natural honey","2022","2022","t","350.56","A","Official value",""
"QCL","Crops and livestock products","854","Burkina Faso","5510","Production","21691.07","Oil of sesame seed","2022","2022","t","628.88","I","Value imputed by a receiving agency",""
"QCL","Crops and livestock products","854","Burkina Faso","5510","Production","01239.01","Okra","2022","2022","t","23912.39","I","Value imputed by a receiving agency",""
"QCL","Crops and livestock products","854","Burkina Faso","5510","Production","01253.01","Onions and shallots, green","2022","2022","t","17850.4","I","Value imputed by a receiving agency",""
"QCL","Crops and livestock products","854","Burkina Faso","5510","Production","01323","Oranges","2022","2022","t","626.55","I","Value imputed by a receiving agency",""
"QCL","Crops and livestock products","854","Burkina Faso","5510","Production","01241.90","Other beans, green","2022","2022","t","9720.55","E","Estimated value",""
"QCL","Crops and livestock products","854","Burkina Faso","5510","Production","01359.90","Other fruits, n.e.c.","2022","2022","t","1353822.69","I","Value imputed by a receiving agency",""
"QCL","Crops and livestock products","854","Burkina Faso","5510","Production","21119.90","Other meat of mammals, fresh or chilled","2022","2022","t","","M","Missing value; data cannot exist",""
"QCL","Crops and livestock products","854","Burkina Faso","5510","Production","01709.90","Other pulses n.e.c.","2022","2022","t","17356.04","I","Value imputed by a receiving agency",""
"QCL","Crops and livestock products","854","Burkina Faso","5510","Production","01699","Other stimulant, spice and aromatic crops, n.e.c.","2022","2022","t","6563.57","I","Value imputed by a receiving agency",""
"QCL","Crops and livestock products","854","Burkina Faso","5510","Production","01319","Other tropical fruits, n.e.c.","2022","2022","t","11600","E","Estimated value",""
"QCL","Crops and livestock products","854","Burkina Faso","5510","Production","01290.90","Other vegetables, fresh n.e.c.","2022","2022","t","1059618.12","I","Value imputed by a receiving agency",""
"QCL","Crops and livestock products","854","Burkina Faso","5510","Production","01651","Pepper (Piper spp.), raw","2022","2022","t","76915.39","I","Value imputed by a receiving agency",""
"QCL","Crops and livestock products","854","Burkina Faso","5510","Production","01321","Pomelos and grapefruits","2022","2022","t","255.69","I","Value imputed by a receiving agency",""
"QCL","Crops and livestock products","854","Burkina Faso","5510","Production","01510","Potatoes","2022","2022","t","34185.19","E","Estimated value",""
"QCL","Crops and livestock products","854","Burkina Faso","5510","Production","2351f","Raw cane or beet sugar (centrifugal only)","2022","2022","t","30000","X","Value from external organization","Unofficial figure"
"QCL","Crops and livestock products","854","Burkina Faso","5510","Production","02951.01","Raw hides and skins of cattle","2022","2022","t","21184.21","I","Value imputed by a receiving agency",""
"QCL","Crops and livestock products","854","Burkina Faso","5510","Production","02954","Raw hides and skins of goats or kids","2022","2022","t","6454.08","I","Value imputed by a receiving agency",""
"QCL","Crops and livestock products","854","Burkina Faso","5510","Production","02953","Raw hides and skins of sheep or lambs","2022","2022","t","5669.52","I","Value imputed by a receiving agency",""
"QCL","Crops and livestock products","854","Burkina Faso","5510","Production","02293","Raw milk of camel","2022","2022","t","266.91","E","Estimated value",""
"QCL","Crops and livestock products","854","Burkina Faso","5510","Production","02211","Raw milk of cattle","2022","2022","t","225235","A","Official value",""
"QCL","Crops and livestock products","854","Burkina Faso","5510","Production","02292","Raw milk of goats","2022","2022","t","132132","A","Official value",""
"QCL","Crops and livestock products","854","Burkina Faso","5510","Production","02291","Raw milk of sheep","2022","2022","t","77481.02","I","Value imputed by a receiving agency",""
"QCL","Crops and livestock products","854","Burkina Faso","5510","Production","0113","Rice","2022","2022","t","438982.38","A","Official value",""
"QCL","Crops and livestock products","854","Burkina Faso","5510","Production","01921.01","Seed cotton, unginned","2022","2022","t","668633.1","A","Official value",""
"QCL","Crops and livestock products","854","Burkina Faso","5510","Production","01444","Sesame seed","2022","2022","t","208795.64","A","Official value",""
"QCL","Crops and livestock products","854","Burkina Faso","5510","Production","21514","Sheep fat, unrendered","2022","2022","t","1039.41","I","Value imputed by a receiving agency",""
"QCL","Crops and livestock products","854","Burkina Faso","5510","Production","22110.02","Skim milk of cows","2022","2022","t","31549.02","I","Value imputed by a receiving agency",""
"QCL","Crops and livestock products","854","Burkina Faso","5510","Production","0114","Sorghum","2022","2022","t","2013868.96","A","Official value",""
"QCL","Crops and livestock products","854","Burkina Faso","5510","Production","0141","Soya beans","2022","2022","t","152540.47","A","Official value",""
"QCL","Crops and livestock products","854","Burkina Faso","5510","Production","01802","Sugar cane","2022","2022","t","511397.47","I","Value imputed by a receiving agency",""
"QCL","Crops and livestock products","854","Burkina Faso","5510","Production","01530","Sweet potatoes","2022","2022","t","115579.98","A","Official value",""
"QCL","Crops and livestock products","854","Burkina Faso","5510","Production","01324","Tangerines, mandarins, clementines","2022","2022","t","338.48","E","Estimated value",""
"QCL","Crops and livestock products","854","Burkina Faso","5510","Production","01234","Tomatoes","2022","2022","t","310509.32","I","Value imputed by a receiving agency",""
"QCL","Crops and livestock products","854","Burkina Faso","5510","Production","01970","Unmanufactured tobacco","2022","2022","t","756.35","E","Estimated value",""
"QCL","Crops and livestock products","854","Burkina Faso","5510","Production","01376","Walnuts, in shell","2022","2022","t","134925.48","I","Value imputed by a receiving agency",""
"QCL","Crops and livestock products","854","Burkina Faso","5510","Production","01540","Yams","2022","2022","t","62661.86","A","Official value",""
"QCL","Crops and livestock products","288","Ghana","5510","Production","01311","Avocados","2022","2022","t","9411.07","E","Estimated value",""
"QCL","Crops and livestock products","288","Ghana","5510","Production","01312","Bananas","2022","2022","t","123621.25","I","Value imputed by a receiving agency",""
"QCL","Crops and livestock products","288","Ghana","5510","Production","01701","Beans, dry","2022","2022","t","168628.66","I","Value imputed by a receiving agency",""
"QCL","Crops and livestock products","288","Ghana","5510","Production","24310.01","Beer of barley, malted","2022","2022","t","330000","X","Value from external organization","Unofficial figure"
"QCL","Crops and livestock products","288","Ghana","5510","Production","22230.04","Buttermilk, dry","2022","2022","t","2.62","I","Value imputed by a receiving agency",""
"QCL","Crops and livestock products","288","Ghana","5510","Production","01229","Cantaloupes and other melons","2022","2022","t","","M","Missing value; data cannot exist",""
"QCL","Crops and livestock products","288","Ghana","5510","Production","01372","Cashew nuts, in shell","2022","2022","t","200000","E","Estimated value",""
"QCL","Crops and livestock products","288","Ghana","5510","Production","01520.01","Cassava, fresh","2022","2022","t","25607885.35","I","Value imputed by a receiving agency",""
"QCL","Crops and livestock products","288","Ghana","5510","Production","21512","Cattle fat, unrendered","2022","2022","t","960","I","Value imputed by a receiving agency",""
"QCL","Crops and livestock products","288","Ghana","5510","Production","01652","Chillies and peppers, dry (Capsicum spp., Pimenta spp.), raw","2022","2022","t","110863.82","E","Estimated value",""
"QCL","Crops and livestock products","288","Ghana","5510","Production","01231","Chillies and peppers, green (Capsicum spp. and Pimenta spp.)","2022","2022","t","123981.27","E","Estimated value",""
"QCL","Crops and livestock products","288","Ghana","5510","Production","01640","Cocoa beans","2022","2022","t","683300","X","Value from external organization","Unofficial figure"
"QCL","Crops and livestock products","288","Ghana","5510","Production","2166","Coconut oil","2022","2022","t","6000","X","Value from external organization","Unofficial figure"
"QCL","Crops and livestock products","288","Ghana","5510","Production","01460","Coconuts, in shell","2022","2022","t","505400","X","Value from external organization","Unofficial figure"
"QCL","Crops and livestock products","288","Ghana","5510","Production","01610","Coffee, green","2022","2022","t","736","E","Estimated value",""
"QCL","Crops and livestock products","288","Ghana","5510","Production","01929.08","Coir, raw","2022","2022","t","39668.45","I","Value imputed by a receiving agency",""
"QCL","Crops and livestock products","288","Ghana","5510","Production","01921.02","Cotton lint, ginned","2022","2022","t","6100","X","Value from external organization","Unofficial figure"
"QCL","Crops and livestock products","288","Ghana","5510","Production","0143","Cotton seed","2022","2022","t","12399.26","I","Value imputed by a receiving agency",""
"QCL","Crops and livestock products","288","Ghana","5510","Production","01706","Cow peas, dry","2022","2022","t","320057.32","I","Value imputed by a receiving agency",""
"QCL","Crops and livestock products","288","Ghana","5510","Production","01232","Cucumbers and gherkins","2022","2022","t","131.15","I","Value imputed by a receiving agency",""
"QCL","Crops and livestock products","288","Ghana","5510","Production","21151","Edible offal of cattle, fresh, chilled or frozen","2022","2022","t","6000","I","Value imputed by a receiving agency",""
"QCL","Crops and livestock products","288","Ghana","5510","Production","21156","Edible offal of goat, fresh, chilled or frozen","2022","2022","t","7238.42","I","Value imputed by a receiving agency",""
"QCL","Crops and livestock products","288","Ghana","5510","Production","21153","Edible offal of pigs, fresh, chilled or frozen","2022","2022","t","2019.74","I","Value imputed by a receiving agency",""
"QCL","Crops and livestock products","288","Ghana","5510","Production","21155","Edible offal of sheep, fresh, chilled or frozen","2022","2022","t","5235.64","I","Value imputed by a receiving agency",""
"QCL","Crops and livestock products","288","Ghana","5510","Production","01599.10","Edible roots and tubers with high starch or inulin content, n.e.c., fresh","2022","2022","t","176.94","E","Estimated value",""
"QCL","Crops and livestock products","288","Ghana","5510","Production","01233","Eggplants (aubergines)","2022","2022","t","53640.81","I","Value imputed by a receiving agency",""
"QCL","Crops and livestock products","288","Ghana","5510","Production","21511.01","Fat of pigs","2022","2022","t","2515.82","I","Value imputed by a receiving agency",""
"QCL","Crops and livestock products","288","Ghana","5510","Production","21170.02","Game meat, fresh, chilled or frozen","2022","2022","t","75704.53","I","Value imputed by a receiving agency",""
"QCL","Crops and livestock products","288","Ghana","5510","Production","01657","Ginger, raw","2022","2022","t","97.11","E","Estimated value",""
"QCL","Crops and livestock products","288","Ghana","5510","Production","21515","Goat fat, unrendered","2022","2022","t","1085.76","I","Value imputed by a receiving agency",""
"QCL","Crops and livestock products","288","Ghana","5510","Production","23913","Green tea (not fermented), black tea (fermented) and partly fermented tea, in immediate packings of a content not exceeding 3 kg","2022","2022","t","6581.53","I","Value imputed by a receiving agency",""
"QCL","Crops and livestock products","288","Ghana","5510","Production","2162","Groundnut oil","2022","2022","t","78752.63","I","Value imputed by a receiving agency",""
"QCL","Crops and livestock products","288","Ghana","5510","Production","0142","Groundnuts, excluding shelled","2022","2022","t","611000","X","Value from external organization","Unofficial figure"
"QCL","Crops and livestock products","288","Ghana","5510","Production","0231","Hen eggs in shell, fresh","2022","2022","t","51051.36","I","Value imputed by a receiving agency",""
"QCL","Crops and livestock products","288","Ghana","5513","Production","0231","Hen eggs in shell, fresh","2022","2022","1000 No","1245155","I","Value imputed by a receiving agency",""
"QCL","Crops and livestock products","288","Ghana","5510","Production","01499.01","Karite nuts (sheanuts)","2022","2022","t","34600.18","I","Value imputed by a receiving agency",""
"QCL","Crops and livestock products","288","Ghana","5510","Production","01379.02","Kola nuts","2022","2022","t","25037.38","I","Value imputed by a receiving agency",""
"QCL","Crops and livestock products","288","Ghana","5510","Production","01322","Lemons and limes","2022","2022","t","48385.52","I","Value imputed by a receiving agency",""
"QCL","Crops and livestock products","288","Ghana","5510","Production","0112","Maize (corn)","2022","2022","t","3255718","X","Value from external organization","Unofficial figure"
"QCL","Crops and livestock products","288","Ghana","5510","Production","01316","Mangoes, guavas and mangosteens","2022","2022","t","101557","I","Value imputed by a receiving agency",""
"QCL","Crops and livestock products","288","Ghana","5510","Production","21700.02","Margarine and shortening","2022","2022","t","7644.03","I","Value imputed by a receiving agency",""
"QCL","Crops and livestock products","288","Ghana","5510","Production","21111.01","Meat of cattle with the bone, fresh or chilled","2022","2022","t","30000","E","Estimated value",""
"QCL","Crops and livestock products","288","Ghana","5510","Production","21121","Meat of chickens, fresh or chilled","2022","2022","t","64268.53","I","Value imputed by a receiving agency",""
"QCL","Crops and livestock products","288","Ghana","5510","Production","21116","Meat of goat, fresh or chilled","2022","2022","t","34020.59","I","Value imputed by a receiving agency",""
"QCL","Crops and livestock products","288","Ghana","5510","Production","21113.01","Meat of pig with the bone, fresh or chilled","2022","2022","t","28347.24","I","Value imputed by a receiving agency",""
"QCL","Crops and livestock products","288","Ghana","5510","Production","21115","Meat of sheep, fresh or chilled","2022","2022","t","26178.22","I","Value imputed by a receiving agency",""
"QCL","Crops and livestock products","288","Ghana","5510","Production","0118","Millet","2022","2022","t","196308","X","Value from external organization","Unofficial figure"
"QCL","Crops and livestock products","288","Ghana","5510","Production","01950.01","Natural rubber in primary forms","2022","2022","t","117000","X","Value from external organization","Unofficial figure"
"QCL","Crops and livestock products","288","Ghana","5510","Production","0117","Oats","2022","2022","t","37.5","I","Value imputed by a receiving agency",""
"QCL","Crops and livestock products","288","Ghana","5510","Production","21691.14","Oil of palm kernel","2022","2022","t","61600","X","Value from external organization","Unofficial figure"
"QCL","Crops and livestock products","288","Ghana","5510","Production","01491.01","Oil palm fruit","2022","2022","t","2900000","E","Estimated value",""
"QCL","Crops and livestock products","288","Ghana","5510","Production","01239.01","Okra","2022","2022","t","66920.04","I","Value imputed by a receiving agency",""
"QCL","Crops and livestock products","288","Ghana","5510","Production","01253.02","Onions and shallots, dry (excluding dehydrated)","2022","2022","t","147857.03","E","Estimated value",""
"QCL","Crops and livestock products","288","Ghana","5510","Production","01323","Oranges","2022","2022","t","708668.19","E","Estimated value",""
"QCL","Crops and livestock products","288","Ghana","5510","Production","01241.90","Other beans, green","2022","2022","t","25191.08","E","Estimated value",""
"QCL","Crops and livestock products","288","Ghana","5510","Production","01359.90","Other fruits, n.e.c.","2022","2022","t","68480.42","I","Value imputed by a receiving agency",""
"QCL","Crops and livestock products","288","Ghana","5510","Production","21119.90","Other meat of mammals, fresh or chilled","2022","2022","t","42756.9","I","Value imputed by a receiving agency",""
"QCL","Crops and livestock products","288","Ghana","5510","Production","01379.90","Other nuts (excluding wild edible nuts and groundnuts), in shell, n.e.c.","2022","2022","t","1429.6","I","Value imputed by a receiving agency",""
"QCL","Crops and livestock products","288","Ghana","5510","Production","01449.90","Other oil seeds, n.e.c.","2022","2022","t","231.1","I","Value imputed by a receiving agency",""
"QCL","Crops and livestock products","288","Ghana","5510","Production","01709.90","Other pulses n.e.c.","2022","2022","t","26086.34","I","Value imputed by a receiving agency",""
"QCL","Crops and livestock products","288","Ghana","5510","Production","01290.90","Other vegetables, fresh n.e.c.","2022","2022","t","11035.24","I","Value imputed by a receiving agency",""
"QCL","Crops and livestock products","288","Ghana","5510","Production","01491.02","Palm kernels","2022","2022","t","147000","X","Value from external organization","Unofficial figure"
"QCL","Crops and livestock products","288","Ghana","5510","Production","2165","Palm oil","2022","2022","t","300000","X","Value from external organization","Unofficial figure"
"QCL","Crops and livestock products","288","Ghana","5510","Production","01317","Papayas","2022","2022","t","5805.09","E","Estimated value",""
"QCL","Crops and livestock products","288","Ghana","5510","Production","01651","Pepper (Piper spp.), raw","2022","2022","t","3803.51","E","Estimated value",""
"QCL","Crops and livestock products","288","Ghana","5510","Production","01318","Pineapples","2022","2022","t","695801.96","E","Estimated value",""
"QCL","Crops and livestock products","288","Ghana","5510","Production","01313","Plantains and cooking bananas","2022","2022","t","4391549.06","E","Estimated value",""
"QCL","Crops and livestock products","288","Ghana","5510","Production","02951.01","Raw hides and skins of cattle","2022","2022","t","3780","I","Value imputed by a receiving agency",""
"QCL","Crops and livestock products","288","Ghana","5510","Production","02954","Raw hides and skins of goats or kids","2022","2022","t","6514.58","I","Value imputed by a receiving agency",""
"QCL","Crops and livestock products","288","Ghana","5510","Production","02953","Raw hides and skins of sheep or lambs","2022","2022","t","4293.23","I","Value imputed by a receiving agency",""
"QCL","Crops and livestock products","288","Ghana","5510","Production","02211","Raw milk of cattle","2022","2022","t","49487.6","I","Value imputed by a receiving agency",""
"QCL","Crops and livestock products","288","Ghana","5510","Production","0113","Rice","2022","2022","t","1283000","A","Official value",""
"QCL","Crops and livestock products","288","Ghana","5510","Production","01921.01","Seed cotton, unginned","2022","2022","t","28000","E","Estimated value",""
"QCL","Crops and livestock products","288","Ghana","5510","Production","21514","Sheep fat, unrendered","2022","2022","t","732.99","I","Value imputed by a receiving agency",""
"QCL","Crops and livestock products","288","Ghana","5510","Production","0114","Sorghum","2022","2022","t","401499","X","Value from external organization","Unofficial figure"
"QCL","Crops and livestock products","288","Ghana","5510","Production","2161","Soya bean oil","2022","2022","t","23300","X","Value from external organization","Unofficial figure"
"QCL","Crops and livestock products","288","Ghana","5510","Production","0141","Soya beans","2022","2022","t","255000","X","Value from external organization","Unofficial figure"
"QCL","Crops and livestock products","288","Ghana","5510","Production","01802","Sugar cane","2022","2022","t","155609.1","I","Value imputed by a receiving agency",""
"QCL","Crops and livestock products","288","Ghana","5510","Production","01530","Sweet potatoes","2022","2022","t","142671.37","E","Estimated value",""
"QCL","Crops and livestock products","288","Ghana","5510","Production","01550","Taro","2022","2022","t","1699259.68","I","Value imputed by a receiving agency",""
"QCL","Crops and livestock products","288","Ghana","5510","Production","01234","Tomatoes","2022","2022","t","379925.13","E","Estimated value",""
"QCL","Crops and livestock products","288","Ghana","5510","Production","01970","Unmanufactured tobacco","2022","2022","t","2528.63","I","Value imputed by a receiving agency",""
"QCL","Crops and livestock products","288","Ghana","5510","Production","01540","Yams","2022","2022","t","10702900.69","I","Value imputed by a receiving agency",""
"QCL","Crops and livestock products","356","India","5510","Production","01371","Almonds, in shell","2022","2022","t","12046","A","Official value",""
"QCL","Crops and livestock products","356","India","5510","Production","01654","Anise, badian, coriander, cumin, caraway, fennel and juniper berries, raw","2022","2022","t","1406040","A","Official value",""
"QCL","Crops and livestock products","356","India","5510","Production","01341","Apples","2022","2022","t","2589000","A","Official value",""
"QCL","Crops and livestock products","356","India","5510","Production","01343","Apricots","2022","2022","t","15966.5","E","Estimated value",""
"QCL","Crops and livestock products","356","India","5510","Production","01379.01","Areca nuts","2022","2022","t","1666000","A","Official value",""
"QCL","Crops and livestock products","356","India","5510","Production","01312","Bananas","2022","2022","t","34528000","A","Official value",""
"QCL","Crops and livestock products","356","India","5510","Production","0115","Barley","2022","2022","t","1371360","A","Official value",""
"QCL","Crops and livestock products","356","India","5510","Production","01701","Beans, dry","2022","2022","t","8564105.78","A","Official value",""
"QCL","Crops and livestock products","356","India","5510","Production","24310.01","Beer of barley, malted","2022","2022","t","2551700","X","Value from external organization","Unofficial figure"
"QCL","Crops and livestock products","356","India","5510","Production","02960.01","Beeswax","2022","2022","t","24338.37","I","Value imputed by a receiving agency",""
"QCL","Crops and livestock products","356","India","5510","Production","21513","Buffalo fat, unrendered","2022","2022","t","266931.82","I","Value imputed by a receiving agency",""
"QCL","Crops and livestock products","356","India","5510","Production","22242.01","Butter of buffalo milk","2022","2022","t","1085134.18","I","Value imputed by a receiving agency",""
"QCL","Crops and livestock products","356","India","5510","Production","01212","Cabbages","2022","2022","t","9825000","A","Official value",""
"QCL","Crops and livestock products","356","India","5510","Production","01229","Cantaloupes and other melons","2022","2022","t","1498000","A","Official value",""
"QCL","Crops and livestock products","356","India","5510","Production","01251","Carrots and turnips","2022","2022","t","2283952","A","Official value",""
"QCL","Crops and livestock products","356","India","5510","Production","01372","Cashew nuts, in shell","2022","2022","t","752000","A","Official value",""
"QCL","Crops and livestock products","356","India","5510","Production","01520.01","Cassava, fresh","2022","2022","t","6213000","A","Official value",""
"QCL","Crops and livestock products","356","India","5510","Production","01447","Castor oil seeds","2022","2022","t","1979717.74","A","Official value",""
"QCL","Crops and livestock products","356","India","5510","Production","21512","Cattle fat, unrendered","2022","2022","t","","M","Missing value; data cannot exist",""
"QCL","Crops and livestock products","356","India","5510","Production","01213","Cauliflowers and broccoli","2022","2022","t","9566000","A","Official value",""
"QCL","Crops and livestock products","356","India","5510","Production","22251.01","Cheese from whole cow milk","2022","2022","t","16875","I","Value imputed by a receiving agency",""
"QCL","Crops and livestock products","356","India","5510","Production","01344.02","Cherries","2022","2022","t","10108.72","E","Estimated value",""
"QCL","Crops and livestock products","356","India","5510","Production","01703","Chick peas, dry","2022","2022","t","13543630","A","Official value",""
"QCL","Crops and livestock products","356","India","5510","Production","01652","Chillies and peppers, dry (Capsicum spp., Pimenta spp.), raw","2022","2022","t","1874000","A","Official value",""
"QCL","Crops and livestock products","356","India","5510","Production","01231","Chillies and peppers, green (Capsicum spp. and Pimenta spp.)","2022","2022","t","5304769","A","Official value",""
"QCL","Crops and livestock products","356","India","5510","Production","01640","Cocoa beans","2022","2022","t","28000","A","Official value",""
"QCL","Crops and livestock products","356","India","5510","Production","2166","Coconut oil","2022","2022","t","534000","A","Official value",""
"QCL","Crops and livestock products","356","India","5510","Production","01460","Coconuts, in shell","2022","2022","t","13317000","A","Official value",""
"QCL","Crops and livestock products","356","India","5510","Production","01610","Coffee, green","2022","2022","t","352000","A","Official value",""
"QCL","Crops and livestock products","356","India","5510","Production","01929.08","Coir, raw","2022","2022","t","1211246.92","I","Value imputed by a receiving agency",""
"QCL","Crops and livestock products","356","India","5510","Production","01921.02","Cotton lint, ginned","2022","2022","t","5722231.51","A","Official value",""
"QCL","Crops and livestock products","356","India","5510","Production","0143","Cotton seed","2022","2022","t","9700000","X","Value from external organization","Unofficial figure"
"QCL","Crops and livestock products","356","India","5510","Production","2168","Cottonseed oil","2022","2022","t","1166000","A","Official value",""
"QCL","Crops and livestock products","356","India","5510","Production","22120","Cream, fresh","2022","2022","t","8820","I","Value imputed by a receiving agency",""
"QCL","Crops and livestock products","356","India","5510","Production","01232","Cucumbers and gherkins","2022","2022","t","1694209","A","Official value",""
"QCL","Crops and livestock products","356","India","5510","Production","21152","Edible offal of buffalo, fresh, chilled or frozen","2022","2022","t","731590.91","I","Value imputed by a receiving agency",""
"QCL","Crops and livestock products","356","India","5510","Production","21151","Edible offal of cattle, fresh, chilled or frozen","2022","2022","t","","M","Missing value; data cannot exist",""
"QCL","Crops and livestock products","356","India","5510","Production","21156","Edible offal of goat, fresh, chilled or frozen","2022","2022","t","213328.11","I","Value imputed by a receiving agency",""
"QCL","Crops and livestock products","356","India","5510","Production","21153","Edible offal of pigs, fresh, chilled or frozen","2022","2022","t","37615","I","Value imputed by a receiving agency",""
"QCL","Crops and livestock products","356","India","5510","Production","21155","Edible offal of sheep, fresh, chilled or frozen","2022","2022","t","129250.37","I","Value imputed by a receiving agency",""
"QCL","Crops and livestock products","356","India","5510","Production","01233","Eggplants (aubergines)","2022","2022","t","12765000","A","Official value",""
"QCL","Crops and livestock products","356","India","5510","Production","21511.01","Fat of pigs","2022","2022","t","26867.86","I","Value imputed by a receiving agency",""
"QCL","Crops and livestock products","356","India","5510","Production","01315","Figs","2022","2022","t","14737.89","E","Estimated value",""
"QCL","Crops and livestock products","356","India","5510","Production","22242.02","Ghee from buffalo milk","2022","2022","t","3897888.21","I","Value imputed by a receiving agency",""
"QCL","Crops and livestock products","356","India","5510","Production","22241.02","Ghee from cow milk","2022","2022","t","375000","I","Value imputed by a receiving agency",""
"QCL","Crops and livestock products","356","India","5510","Production","01657","Ginger, raw","2022","2022","t","2503000","A","Official value",""
"QCL","Crops and livestock products","356","India","5510","Production","21515","Goat fat, unrendered","2022","2022","t","56544.8","I","Value imputed by a receiving agency",""
"QCL","Crops and livestock products","356","India","5510","Production","01330","Grapes","2022","2022","t","3401000","A","Official value",""
"QCL","Crops and livestock products","356","India","5510","Production","01252","Green garlic","2022","2022","t","3208000","A","Official value",""
"QCL","Crops and livestock products","356","India","5510","Production","23913","Green tea (not fermented), black tea (fermented) and partly fermented tea, in immediate packings of a content not exceeding 3 kg","2022","2022","t","1372835","A","Official value",""
"QCL","Crops and livestock products","356","India","5510","Production","2162","Groundnut oil","2022","2022","t","2335000","A","Official value",""
"QCL","Crops and livestock products","356","India","5510","Production","0142","Groundnuts, excluding shelled","2022","2022","t","10262311.03","A","Official value",""
"QCL","Crops and livestock products","356","India","5510","Production","0231","Hen eggs in shell, fresh","2022","2022","t","7610695.29","E","Estimated value",""
"QCL","Crops and livestock products","356","India","5513","Production","0231","Hen eggs in shell, fresh","2022","2022","1000 No","138376278","A","Official value",""
"QCL","Crops and livestock products","356","India","5510","Production","01922.01","Jute, raw or retted","2022","2022","t","1528140.63","A","Official value",""
"QCL","Crops and livestock products","356","India","5510","Production","01922.02","Kenaf, and other textile bast fibres, raw or retted","2022","2022","t","101990.42","E","Estimated value",""
"QCL","Crops and livestock products","356","India","5510","Production","01352","Kiwi fruit","2022","2022","t","15840","A","Official value",""
"QCL","Crops and livestock products","356","India","5510","Production","01322","Lemons and limes","2022","2022","t","3776000","A","Official value",""
"QCL","Crops and livestock products","356","India","5510","Production","01704","Lentils, dry","2022","2022","t","1268830","A","Official value",""
"QCL","Crops and livestock products","356","India","5510","Production","01214","Lettuce and chicory","2022","2022","t","1166929.86","E","Estimated value",""
"QCL","Crops and livestock products","356","India","5510","Production","01441","Linseed","2022","2022","t","126420","A","Official value",""
"QCL","Crops and livestock products","356","India","5510","Production","0112","Maize (corn)","2022","2022","t","34722657.26","A","Official value",""
"QCL","Crops and livestock products","356","India","5510","Production","01316","Mangoes, guavas and mangosteens","2022","2022","t","26299000","A","Official value",""
"QCL","Crops and livestock products","356","India","5510","Production","21700.02","Margarine and shortening","2022","2022","t","436000","X","Value from external organization","Unofficial figure"
"QCL","Crops and livestock products","356","India","5510","Production","21112","Meat of buffalo, fresh or chilled","2022","2022","t","4350000","X","Value from external organization","Unofficial figure"
"QCL","Crops and livestock products","356","India","5510","Production","21111.01","Meat of cattle with the bone, fresh or chilled","2022","2022","t","","M","Missing value; data cannot exist",""
"QCL","Crops and livestock products","356","India","5510","Production","21121","Meat of chickens, fresh or chilled","2022","2022","t","4779600","A","Official value",""
"QCL","Crops and livestock products","356","India","5510","Production","21122","Meat of ducks, fresh or chilled","2022","2022","t","43932.9","I","Value imputed by a receiving agency",""
"QCL","Crops and livestock products","356","India","5510","Production","21116","Meat of goat, fresh or chilled","2022","2022","t","1413620","A","Official value",""
"QCL","Crops and livestock products","356","India","5510","Production","21113.01","Meat of pig with the bone, fresh or chilled","2022","2022","t","376150","A","Official value",""
"QCL","Crops and livestock products","356","India","5510","Production","21115","Meat of sheep, fresh or chilled","2022","2022","t","1026400","A","Official value",""
"QCL","Crops and livestock products","356","India","5510","Production","0118","Millet","2022","2022","t","12424565.34","A","Official value",""
"QCL","Crops and livestock products","356","India","5510","Production","23540","Molasses","2022","2022","t","14352466.67","I","Value imputed by a receiving agency",""
"QCL","Crops and livestock products","356","India","5510","Production","01270","Mushrooms and truffles","2022","2022","t","280000","A","Official value",""
"QCL","Crops and livestock products","356","India","5510","Production","02910","Natural honey","2022","2022","t","90000","E","Estimated value",""
"QCL","Crops and livestock products","356","India","5510","Production","01950.01","Natural rubber in primary forms","2022","2022","t","843000","X","Value from external organization","Unofficial figure"
"QCL","Crops and livestock products","356","India","5510","Production","01653","Nutmeg, mace, cardamoms, raw","2022","2022","t","55000","A","Official value",""
"QCL","Crops and livestock products","356","India","5510","Production","21691.12","Oil of linseed","2022","2022","t","42000","A","Official value",""
"QCL","Crops and livestock products","356","India","5510","Production","21691.02","Oil of maize","2022","2022","t","4686.52","I","Value imputed by a receiving agency",""
"QCL","Crops and livestock products","356","India","5510","Production","21691.07","Oil of sesame seed","2022","2022","t","250000","A","Official value",""
"QCL","Crops and livestock products","356","India","5510","Production","01239.01","Okra","2022","2022","t","6873000","A","Official value",""
"QCL","Crops and livestock products","356","India","5510","Production","01253.02","Onions and shallots, dry (excluding dehydrated)","2022","2022","t","31687000","A","Official value",""
"QCL","Crops and livestock products","356","India","5510","Production","01323","Oranges","2022","2022","t","3895000","A","Official value",""
"QCL","Crops and livestock products","356","India","5510","Production","01241.90","Other beans, green","2022","2022","t","2725855","A","Official value",""
"QCL","Crops and livestock products","356","India","5510","Production","01355.90","Other berries and fruits of the genus vaccinium n.e.c.","2022","2022","t","2260.67","E","Estimated value",""
"QCL","Crops and livestock products","356","India","5510","Production","01329","Other citrus fruit, n.e.c.","2022","2022","t","782000","A","Official value",""
"QCL","Crops and livestock products","356","India","5510","Production","01359.90","Other fruits, n.e.c.","2022","2022","t","11413041.77","A","Official value",""
"QCL","Crops and livestock products","356","India","5510","Production","21119.90","Other meat of mammals, fresh or chilled","2022","2022","t","194493.7","I","Value imputed by a receiving agency",""
"QCL","Crops and livestock products","356","India","5510","Production","01449.90","Other oil seeds, n.e.c.","2022","2022","t","34000","A","Official value",""
"QCL","Crops and livestock products","356","India","5510","Production","01699","Other stimulant, spice and aromatic crops, n.e.c.","2022","2022","t","1439259.26","E","Estimated value",""
"QCL","Crops and livestock products","356","India","5510","Production","01349.20","Other stone fruits","2022","2022","t","2394.19","E","Estimated value",""
"QCL","Crops and livestock products","356","India","5510","Production","01319","Other tropical fruits, n.e.c.","2022","2022","t","1464000","A","Official value",""
"QCL","Crops and livestock products","356","India","5510","Production","01290.90","Other vegetables, fresh n.e.c.","2022","2022","t","26954000","A","Official value",""
"QCL","Crops and livestock products","356","India","5510","Production","01317","Papayas","2022","2022","t","5341000","A","Official value",""
"QCL","Crops and livestock products","356","India","5510","Production","01345","Peaches and nectarines","2022","2022","t","121243","A","Official value",""
"QCL","Crops and livestock products","356","India","5510","Production","01342.01","Pears","2022","2022","t","309000","A","Official value",""
"QCL","Crops and livestock products","356","India","5510","Production","01705","Peas, dry","2022","2022","t","1004402","A","Official value",""
"QCL","Crops and livestock products","356","India","5510","Production","01242","Peas, green","2022","2022","t","6182000","A","Official value",""
"QCL","Crops and livestock products","356","India","5510","Production","01651","Pepper (Piper spp.), raw","2022","2022","t","95000","A","Official value",""
"QCL","Crops and livestock products","356","India","5510","Production","21521","Pig fat, rendered","2022","2022","t","20370.36","I","Value imputed by a receiving agency",""
"QCL","Crops and livestock products","356","India","5510","Production","01707","Pigeon peas, dry","2022","2022","t","3311532.36","A","Official value",""
"QCL","Crops and livestock products","356","India","5510","Production","01318","Pineapples","2022","2022","t","1851000","A","Official value",""
"QCL","Crops and livestock products","356","India","5510","Production","01346","Plums and sloes","2022","2022","t","86417","A","Official value",""
"QCL","Crops and livestock products","356","India","5510","Production","01321","Pomelos and grapefruits","2022","2022","t","","M","Missing value; data cannot exist",""
"QCL","Crops and livestock products","356","India","5510","Production","01448","Poppy seed","2022","2022","t","","M","Missing value; data cannot exist",""
"QCL","Crops and livestock products","356","India","5510","Production","01510","Potatoes","2022","2022","t","56176000","A","Official value",""
"QCL","Crops and livestock products","356","India","5510","Production","01235","Pumpkins, squash and gourds","2022","2022","t","7712938","A","Official value",""
"QCL","Crops and livestock products","356","India","5510","Production","01443","Rape or colza seed","2022","2022","t","11963090","A","Official value",""
"QCL","Crops and livestock products","356","India","5510","Production","21641.01","Rapeseed or canola oil, crude","2022","2022","t","3922000","A","Official value",""
"QCL","Crops and livestock products","356","India","5510","Production","2351f","Raw cane or beet sugar (centrifugal only)","2022","2022","t","36880000","X","Value from external organization","Unofficial figure"
"QCL","Crops and livestock products","356","India","5510","Production","02951.03","Raw hides and skins of buffaloes","2022","2022","t","958977.27","I","Value imputed by a receiving agency",""
"QCL","Crops and livestock products","356","India","5510","Production","02951.01","Raw hides and skins of cattle","2022","2022","t","","M","Missing value; data cannot exist",""
"QCL","Crops and livestock products","356","India","5510","Production","02954","Raw hides and skins of goats or kids","2022","2022","t","257021.82","I","Value imputed by a receiving agency",""
"QCL","Crops and livestock products","356","India","5510","Production","02953","Raw hides and skins of sheep or lambs","2022","2022","t","155860.74","I","Value imputed by a receiving agency",""
"QCL","Crops and livestock products","356","India","5510","Production","02212","Raw milk of buffalo","2022","2022","t","103299834","A","Official value",""
"QCL","Crops and livestock products","356","India","5510","Production","02293","Raw milk of camel","2022","2022","t","8000","E","Estimated value",""
"QCL","Crops and livestock products","356","India","5510","Production","02211","Raw milk of cattle","2022","2022","t","119677594","A","Official value",""
"QCL","Crops and livestock products","356","India","5510","Production","02292","Raw milk of goats","2022","2022","t","7599602","A","Official value",""
"QCL","Crops and livestock products","356","India","5510","Production","26110","Raw silk (not thrown)","2022","2022","t","36582","X","Value from external organization","Unofficial figure"
"QCL","Crops and livestock products","356","India","5510","Production","0113","Rice","2022","2022","t","193473289.35","A","Official value",""
"QCL","Crops and livestock products","356","India","5510","Production","01446","Safflower seed","2022","2022","t","61270","A","Official value",""
"QCL","Crops and livestock products","356","India","5510","Production","21631.02","Safflower-seed oil, crude","2022","2022","t","26000","A","Official value",""
"QCL","Crops and livestock products","356","India","5510","Production","01921.01","Seed cotton, unginned","2022","2022","t","15000000","E","Estimated value",""
"QCL","Crops and livestock products","356","India","5510","Production","01444","Sesame seed","2022","2022","t","391669.44","A","Official value",""
"QCL","Crops and livestock products","356","India","5510","Production","21514","Sheep fat, unrendered","2022","2022","t","43717.04","I","Value imputed by a receiving agency",""
"QCL","Crops and livestock products","356","India","5510","Production","02941","Shorn wool, greasy, including fleece-washed shorn wool","2022","2022","t","32920","A","Official value",""
"QCL","Crops and livestock products","356","India","5510","Production","02944","Silk-worm cocoons suitable for reeling","2022","2022","t","243880.08","E","Estimated value",""
"QCL","Crops and livestock products","356","India","5510","Production","22212","Skim milk and whey powder","2022","2022","t","551479.71","I","Value imputed by a receiving agency",""
"QCL","Crops and livestock products","356","India","5510","Production","22110.02","Skim milk of cows","2022","2022","t","6802920","I","Value imputed by a receiving agency",""
"QCL","Crops and livestock products","356","India","5510","Production","0114","Sorghum","2022","2022","t","4032110.5","A","Official value",""
"QCL","Crops and livestock products","356","India","5510","Production","2161","Soya bean oil","2022","2022","t","2401000","A","Official value",""
"QCL","Crops and livestock products","356","India","5510","Production","0141","Soya beans","2022","2022","t","14984927.37","A","Official value",""
"QCL","Crops and livestock products","356","India","5510","Production","01354","Strawberries","2022","2022","t","11382","A","Official value",""
"QCL","Crops and livestock products","356","India","5510","Production","01802","Sugar cane","2022","2022","t","439424890","A","Official value",""
"QCL","Crops and livestock products","356","India","5510","Production","01445","Sunflower seed","2022","2022","t","343194.28","A","Official value",""
"QCL","Crops and livestock products","356","India","5510","Production","21631.01","Sunflower-seed oil, crude","2022","2022","t","121000","A","Official value",""
"QCL","Crops and livestock products","356","India","5510","Production","01530","Sweet potatoes","2022","2022","t","1184000","A","Official value",""
"QCL","Crops and livestock products","356","India","5510","Production","21523","Tallow","2022","2022","t","157390.73","I","Value imputed by a receiving agency",""
"QCL","Crops and livestock products","356","India","5510","Production","01324","Tangerines, mandarins, clementines","2022","2022","t","6303000","A","Official value",""
"QCL","Crops and livestock products","356","India","5510","Production","01620","Tea leaves","2022","2022","t","6231000","E","Estimated value",""
"QCL","Crops and livestock products","356","India","5510","Production","01234","Tomatoes","2022","2022","t","20694000","A","Official value",""
"QCL","Crops and livestock products","356","India","5510","Production","01970","Unmanufactured tobacco","2022","2022","t","727518.19","I","Value imputed by a receiving agency",""
"QCL","Crops and livestock products","356","India","5510","Production","01376","Walnuts, in shell","2022","2022","t","288927","A","Official value",""
"QCL","Crops and livestock products","356","India","5510","Production","01221","Watermelons","2022","2022","t","3308000","A","Official value",""
"QCL","Crops and livestock products","356","India","5510","Production","0111","Wheat","2022","2022","t","107742070","A","Official value",""
"QCL","Crops and livestock products","356","India","5510","Production","22130.02","Whey, dry","2022","2022","t","5512.5","I","Value imputed by a receiving agency",""
"QCL","Crops and livestock products","356","India","5510","Production","22211","Whole milk powder","2022","2022","t","951945.15","I","Value imputed by a receiving agency",""
"QCL","Crops and livestock products","356","India","5510","Production","22222.01","Whole milk, condensed","2022","2022","t","1195.48","I","Value imputed by a receiving agency",""
"QCL","Crops and livestock products","356","India","5510","Production","22221.01","Whole milk, evaporated","2022","2022","t","2058","I","Value imputed by a receiving agency",""
"QCL","Crops and livestock products","356","India","5510","Production","01540","Yams","2022","2022","t","1040000","A","Official value",""
"QCL","Crops and livestock products","454","Malawi","5510","Production","01654","Anise, badian, coriander, cumin, caraway, fennel and juniper berries, raw","2022","2022","t","83.18","E","Estimated value",""
"QCL","Crops and livestock products","454","Malawi","5510","Production","01341","Apples","2022","2022","t","2997.58","I","Value imputed by a receiving agency",""
"QCL","Crops and livestock products","454","Malawi","5510","Production","01311","Avocados","2022","2022","t","124237","A","Official value",""
"QCL","Crops and livestock products","454","Malawi","5510","Production","01312","Bananas","2022","2022","t","935429","A","Official value",""
"QCL","Crops and livestock products","454","Malawi","5510","Production","01701","Beans, dry","2022","2022","t","218889","A","Official value",""
"QCL","Crops and livestock products","454","Malawi","5510","Production","24310.01","Beer of barley, malted","2022","2022","t","110000","X","Value from external organization","Unofficial figure"
"QCL","Crops and livestock products","454","Malawi","5510","Production","01243","Broad beans and horse beans, green","2022","2022","t","1331.4","E","Estimated value",""
"QCL","Crops and livestock products","454","Malawi","5510","Production","22230.04","Buttermilk, dry","2022","2022","t","1.1","I","Value imputed by a receiving agency",""
"QCL","Crops and livestock products","454","Malawi","5510","Production","01212","Cabbages","2022","2022","t","228231","A","Official value",""
"QCL","Crops and livestock products","454","Malawi","5510","Production","01251","Carrots and turnips","2022","2022","t","4100.57","I","Value imputed by a receiving agency",""
"QCL","Crops and livestock products","454","Malawi","5510","Production","01372","Cashew nuts, in shell","2022","2022","t","214.95","I","Value imputed by a receiving agency",""
"QCL","Crops and livestock products","454","Malawi","5510","Production","01520.01","Cassava, fresh","2022","2022","t","6193001","A","Official value",""
"QCL","Crops and livestock products","454","Malawi","5510","Production","21512","Cattle fat, unrendered","2022","2022","t","1324.54","I","Value imputed by a receiving agency",""
"QCL","Crops and livestock products","454","Malawi","5510","Production","01703","Chick peas, dry","2022","2022","t","1777","A","Official value",""
"QCL","Crops and livestock products","454","Malawi","5510","Production","01652","Chillies and peppers, dry (Capsicum spp., Pimenta spp.), raw","2022","2022","t","1333.21","E","Estimated value",""
"QCL","Crops and livestock products","454","Malawi","5510","Production","01231","Chillies and peppers, green (Capsicum spp. and Pimenta spp.)","2022","2022","t","662.57","E","Estimated value",""
"QCL","Crops and livestock products","454","Malawi","5510","Production","01610","Coffee, green","2022","2022","t","11000","X","Value from external organization","Unofficial figure"
"QCL","Crops and livestock products","454","Malawi","5510","Production","01921.02","Cotton lint, ginned","2022","2022","t","5500","E","Estimated value",""
"QCL","Crops and livestock products","454","Malawi","5510","Production","0143","Cotton seed","2022","2022","t","13500","E","Estimated value",""
"QCL","Crops and livestock products","454","Malawi","5510","Production","2168","Cottonseed oil","2022","2022","t","1300","X","Value from external organization","Unofficial figure"
"QCL","Crops and livestock products","454","Malawi","5510","Production","01706","Cow peas, dry","2022","2022","t","52035","A","Official value",""
"QCL","Crops and livestock products","454","Malawi","5510","Production","01232","Cucumbers and gherkins","2022","2022","t","22592.23","E","Estimated value",""
"QCL","Crops and livestock products","454","Malawi","5510","Production","21151","Edible offal of cattle, fresh, chilled or frozen","2022","2022","t","7947.22","I","Value imputed by a receiving agency",""
"QCL","Crops and livestock products","454","Malawi","5510","Production","21156","Edible offal of goat, fresh, chilled or frozen","2022","2022","t","13059.69","I","Value imputed by a receiving agency",""
"QCL","Crops and livestock products","454","Malawi","5510","Production","21153","Edible offal of pigs, fresh, chilled or frozen","2022","2022","t","11847.28","I","Value imputed by a receiving agency",""
"QCL","Crops and livestock products","454","Malawi","5510","Production","21155","Edible offal of sheep, fresh, chilled or frozen","2022","2022","t","309.49","I","Value imputed by a receiving agency",""
"QCL","Crops and livestock products","454","Malawi","5510","Production","01233","Eggplants (aubergines)","2022","2022","t","29637.42","E","Estimated value",""
"QCL","Crops and livestock products","454","Malawi","5510","Production","21511.01","Fat of pigs","2022","2022","t","17770.92","I","Value imputed by a receiving agency",""
"QCL","Crops and livestock products","454","Malawi","5510","Production","21515","Goat fat, unrendered","2022","2022","t","2350.74","I","Value imputed by a receiving agency",""
"QCL","Crops and livestock products","454","Malawi","5510","Production","01330","Grapes","2022","2022","t","210.98","I","Value imputed by a receiving agency",""
"QCL","Crops and livestock products","454","Malawi","5510","Production","01252","Green garlic","2022","2022","t","314.12","E","Estimated value",""
"QCL","Crops and livestock products","454","Malawi","5510","Production","23913","Green tea (not fermented), black tea (fermented) and partly fermented tea, in immediate packings of a content not exceeding 3 kg","2022","2022","t","47755","A","Official value",""
"QCL","Crops and livestock products","454","Malawi","5510","Production","2162","Groundnut oil","2022","2022","t","49100","X","Value from external organization","Unofficial figure"
"QCL","Crops and livestock products","454","Malawi","5510","Production","0142","Groundnuts, excluding shelled","2022","2022","t","434762","A","Official value",""
"QCL","Crops and livestock products","454","Malawi","5510","Production","0231","Hen eggs in shell, fresh","2022","2022","t","23774.78","I","Value imputed by a receiving agency",""
"QCL","Crops and livestock products","454","Malawi","5513","Production","0231","Hen eggs in shell, fresh","2022","2022","1000 No","552902","I","Value imputed by a receiving agency",""
"QCL","Crops and livestock products","454","Malawi","5510","Production","01322","Lemons and limes","2022","2022","t","19273","A","Official value",""
"QCL","Crops and livestock products","454","Malawi","5510","Production","01704","Lentils, dry","2022","2022","t","1238.71","I","Value imputed by a receiving agency",""
"QCL","Crops and livestock products","454","Malawi","5510","Production","0112","Maize (corn)","2022","2022","t","3716479","A","Official value",""
"QCL","Crops and livestock products","454","Malawi","5510","Production","01316","Mangoes, guavas and mangosteens","2022","2022","t","1310964","A","Official value",""
"QCL","Crops and livestock products","454","Malawi","5510","Production","21111.01","Meat of cattle with the bone, fresh or chilled","2022","2022","t","66226.8","I","Value imputed by a receiving agency",""
"QCL","Crops and livestock products","454","Malawi","5510","Production","21121","Meat of chickens, fresh or chilled","2022","2022","t","101434.36","I","Value imputed by a receiving agency",""
"QCL","Crops and livestock products","454","Malawi","5510","Production","21116","Meat of goat, fresh or chilled","2022","2022","t","70522.34","I","Value imputed by a receiving agency",""
"QCL","Crops and livestock products","454","Malawi","5510","Production","21113.01","Meat of pig with the bone, fresh or chilled","2022","2022","t","291950.88","I","Value imputed by a receiving agency",""
"QCL","Crops and livestock products","454","Malawi","5510","Production","21115","Meat of sheep, fresh or chilled","2022","2022","t","1969.48","I","Value imputed by a receiving agency",""
"QCL","Crops and livestock products","454","Malawi","5510","Production","0118","Millet","2022","2022","t","41071","A","Official value",""
"QCL","Crops and livestock products","454","Malawi","5510","Production","23540","Molasses","2022","2022","t","88035.57","I","Value imputed by a receiving agency",""
"QCL","Crops and livestock products","454","Malawi","5510","Production","01653","Nutmeg, mace, cardamoms, raw","2022","2022","t","90.95","E","Estimated value",""
"QCL","Crops and livestock products","454","Malawi","5510","Production","01239.01","Okra","2022","2022","t","2859.34","E","Estimated value",""
"QCL","Crops and livestock products","454","Malawi","5510","Production","01253.02","Onions and shallots, dry (excluding dehydrated)","2022","2022","t","270600","A","Official value",""
"QCL","Crops and livestock products","454","Malawi","5510","Production","01323","Oranges","2022","2022","t","93114","A","Official value",""
"QCL","Crops and livestock products","454","Malawi","5510","Production","01329","Other citrus fruit, n.e.c.","2022","2022","t","2686.26","I","Value imputed by a receiving agency",""
"QCL","Crops and livestock products","454","Malawi","5510","Production","01359.90","Other fruits, n.e.c.","2022","2022","t","249307.23","E","Estimated value",""
"QCL","Crops and livestock products","454","Malawi","5510","Production","01379.90","Other nuts (excluding wild edible nuts and groundnuts), in shell, n.e.c.","2022","2022","t","4979.41","E","Estimated value",""
"QCL","Crops and livestock products","454","Malawi","5510","Production","01709.90","Other pulses n.e.c.","2022","2022","t","23860.21","I","Value imputed by a receiving agency",""
"QCL","Crops and livestock products","454","Malawi","5510","Production","01699","Other stimulant, spice and aromatic crops, n.e.c.","2022","2022","t","775.1","E","Estimated value",""
"QCL","Crops and livestock products","454","Malawi","5510","Production","01319","Other tropical fruits, n.e.c.","2022","2022","t","16474.31","E","Estimated value",""
"QCL","Crops and livestock products","454","Malawi","5510","Production","01290.90","Other vegetables, fresh n.e.c.","2022","2022","t","236299.26","E","Estimated value",""
"QCL","Crops and livestock products","454","Malawi","5510","Production","01317","Papayas","2022","2022","t","60436.64","E","Estimated value",""
"QCL","Crops and livestock products","454","Malawi","5510","Production","01345","Peaches and nectarines","2022","2022","t","12227.64","E","Estimated value",""
"QCL","Crops and livestock products","454","Malawi","5510","Production","01705","Peas, dry","2022","2022","t","43580.37","I","Value imputed by a receiving agency",""
"QCL","Crops and livestock products","454","Malawi","5510","Production","01242","Peas, green","2022","2022","t","2370","E","Estimated value",""
"QCL","Crops and livestock products","454","Malawi","5510","Production","01651","Pepper (Piper spp.), raw","2022","2022","t","356.3","E","Estimated value",""
"QCL","Crops and livestock products","454","Malawi","5510","Production","01707","Pigeon peas, dry","2022","2022","t","428609","A","Official value",""
"QCL","Crops and livestock products","454","Malawi","5510","Production","01318","Pineapples","2022","2022","t","363444","A","Official value",""
"QCL","Crops and livestock products","454","Malawi","5510","Production","01313","Plantains and cooking bananas","2022","2022","t","397888.83","E","Estimated value",""
"QCL","Crops and livestock products","454","Malawi","5510","Production","01346","Plums and sloes","2022","2022","t","149.44","I","Value imputed by a receiving agency",""
"QCL","Crops and livestock products","454","Malawi","5510","Production","01510","Potatoes","2022","2022","t","1442661","A","Official value",""
"QCL","Crops and livestock products","454","Malawi","5510","Production","01235","Pumpkins, squash and gourds","2022","2022","t","408026.58","E","Estimated value",""
"QCL","Crops and livestock products","454","Malawi","5510","Production","2351f","Raw cane or beet sugar (centrifugal only)","2022","2022","t","247150","X","Value from external organization","Unofficial figure"
"QCL","Crops and livestock products","454","Malawi","5510","Production","02951.01","Raw hides and skins of cattle","2022","2022","t","6622.68","I","Value imputed by a receiving agency",""
"QCL","Crops and livestock products","454","Malawi","5510","Production","02954","Raw hides and skins of goats or kids","2022","2022","t","12406.71","I","Value imputed by a receiving agency",""
"QCL","Crops and livestock products","454","Malawi","5510","Production","02953","Raw hides and skins of sheep or lambs","2022","2022","t","295.42","I","Value imputed by a receiving agency",""
"QCL","Crops and livestock products","454","Malawi","5510","Production","02211","Raw milk of cattle","2022","2022","t","66078.41","I","Value imputed by a receiving agency",""
"QCL","Crops and livestock products","454","Malawi","5510","Production","02292","Raw milk of goats","2022","2022","t","142574.87","I","Value imputed by a receiving agency",""
"QCL","Crops and livestock products","454","Malawi","5510","Production","02291","Raw milk of sheep","2022","2022","t","7253.85","I","Value imputed by a receiving agency",""
"QCL","Crops and livestock products","454","Malawi","5510","Production","0113","Rice","2022","2022","t","136083","A","Official value",""
"QCL","Crops and livestock products","454","Malawi","5510","Production","01921.01","Seed cotton, unginned","2022","2022","t","20666","A","Official value",""
"QCL","Crops and livestock products","454","Malawi","5510","Production","01444","Sesame seed","2022","2022","t","7031","A","Official value",""
"QCL","Crops and livestock products","454","Malawi","5510","Production","21514","Sheep fat, unrendered","2022","2022","t","56.27","I","Value imputed by a receiving agency",""
"QCL","Crops and livestock products","454","Malawi","5510","Production","01929.05","Sisal, raw","2022","2022","t","142.08","I","Value imputed by a receiving agency",""
"QCL","Crops and livestock products","454","Malawi","5510","Production","0114","Sorghum","2022","2022","t","116918","A","Official value",""
"QCL","Crops and livestock products","454","Malawi","5510","Production","2161","Soya bean oil","2022","2022","t","24500","X","Value from external organization","Unofficial figure"
"QCL","Crops and livestock products","454","Malawi","5510","Production","0141","Soya beans","2022","2022","t","303084","A","Official value",""
"QCL","Crops and livestock products","454","Malawi","5510","Production","01354","Strawberries","2022","2022","t","132.18","I","Value imputed by a receiving agency",""
"QCL","Crops and livestock products","454","Malawi","5510","Production","01241.01","String beans","2022","2022","t","18414.27","I","Value imputed by a receiving agency",""
"QCL","Crops and livestock products","454","Malawi","5510","Production","01802","Sugar cane","2022","2022","t","2896300","E","Estimated value",""
"QCL","Crops and livestock products","454","Malawi","5510","Production","01445","Sunflower seed","2022","2022","t","20884","A","Official value",""
"QCL","Crops and livestock products","454","Malawi","5510","Production","21631.01","Sunflower-seed oil, crude","2022","2022","t","7700","X","Value from external organization","Unofficial figure"
"QCL","Crops and livestock products","454","Malawi","5510","Production","01530","Sweet potatoes","2022","2022","t","7491115","A","Official value",""
"QCL","Crops and livestock products","454","Malawi","5510","Production","01324","Tangerines, mandarins, clementines","2022","2022","t","259201","A","Official value",""
"QCL","Crops and livestock products","454","Malawi","5510","Production","01620","Tea leaves","2022","2022","t","268000","E","Estimated value",""
"QCL","Crops and livestock products","454","Malawi","5510","Production","01234","Tomatoes","2022","2022","t","710162","A","Official value",""
"QCL","Crops and livestock products","454","Malawi","5510","Production","01499.02","Tung nuts","2022","2022","t","4554.6","E","Estimated value",""
"QCL","Crops and livestock products","454","Malawi","5510","Production","01970","Unmanufactured tobacco","2022","2022","t","88579","A","Official value",""
"QCL","Crops and livestock products","454","Malawi","5510","Production","01658","Vanilla, raw","2022","2022","t","19.94","I","Value imputed by a receiving agency",""
"QCL","Crops and livestock products","454","Malawi","5510","Production","01221","Watermelons","2022","2022","t","3039.9","E","Estimated value",""
"QCL","Crops and livestock products","454","Malawi","5510","Production","0111","Wheat","2022","2022","t","163","A","Official value",""
"QCL","Crops and livestock products","710","South Africa","5510","Production","01341","Apples","2022","2022","t","1231866.87","A","Official value",""
"QCL","Crops and livestock products","710","South Africa","5510","Production","01343","Apricots","2022","2022","t","29276","A","Official value",""
"QCL","Crops and livestock products","710","South Africa","5510","Production","01211","Asparagus","2022","2022","t","307","A","Official value",""
"QCL","Crops and livestock products","710","South Africa","5510","Production","01311","Avocados","2022","2022","t","103601.68","A","Official value",""
"QCL","Crops and livestock products","710","South Africa","5510","Production","01312","Bananas","2022","2022","t","502069","A","Official value",""
"QCL","Crops and livestock products","710","South Africa","5510","Production","0115","Barley","2022","2022","t","302000","A","Official value",""
"QCL","Crops and livestock products","710","South Africa","5510","Production","01701","Beans, dry","2022","2022","t","52590","A","Official value",""
"QCL","Crops and livestock products","710","South Africa","5510","Production","24310.01","Beer of barley, malted","2022","2022","t","3375000","X","Value from external organization","Unofficial figure"
"QCL","Crops and livestock products","710","South Africa","5510","Production","01192","Buckwheat","2022","2022","t","224.71","E","Estimated value",""
"QCL","Crops and livestock products","710","South Africa","5510","Production","22241.01","Butter of cow milk","2022","2022","t","15400","X","Value from external organization","Unofficial figure"
"QCL","Crops and livestock products","710","South Africa","5510","Production","22230.04","Buttermilk, dry","2022","2022","t","337.64","I","Value imputed by a receiving agency",""
"QCL","Crops and livestock products","710","South Africa","5510","Production","01212","Cabbages","2022","2022","t","186201","A","Official value",""
"QCL","Crops and livestock products","710","South Africa","5510","Production","01229","Cantaloupes and other melons","2022","2022","t","13612","A","Official value",""
"QCL","Crops and livestock products","710","South Africa","5510","Production","01251","Carrots and turnips","2022","2022","t","222729","A","Official value",""
"QCL","Crops and livestock products","710","South Africa","5510","Production","01447","Castor oil seeds","2022","2022","t","6557.02","E","Estimated value",""
"QCL","Crops and livestock products","710","South Africa","5510","Production","21512","Cattle fat, unrendered","2022","2022","t","32997.93","I","Value imputed by a receiving agency",""
"QCL","Crops and livestock products","710","South Africa","5510","Production","01213","Cauliflowers and broccoli","2022","2022","t","10799","A","Official value",""
"QCL","Crops and livestock products","710","South Africa","5510","Production","01199.90","Cereals n.e.c.","2022","2022","t","12685.01","E","Estimated value",""
"QCL","Crops and livestock products","710","South Africa","5510","Production","22251.01","Cheese from whole cow milk","2022","2022","t","60337.28","I","Value imputed by a receiving agency",""
"QCL","Crops and livestock products","710","South Africa","5510","Production","01344.02","Cherries","2022","2022","t","1726","A","Official value",""
"QCL","Crops and livestock products","710","South Africa","5510","Production","01691","Chicory roots","2022","2022","t","12037.34","I","Value imputed by a receiving agency",""
"QCL","Crops and livestock products","710","South Africa","5510","Production","01652","Chillies and peppers, dry (Capsicum spp., Pimenta spp.), raw","2022","2022","t","18008.8","E","Estimated value",""
"QCL","Crops and livestock products","710","South Africa","5510","Production","01231","Chillies and peppers, green (Capsicum spp. and Pimenta spp.)","2022","2022","t","1117.16","I","Value imputed by a receiving agency",""
"QCL","Crops and livestock products","710","South Africa","5510","Production","01921.02","Cotton lint, ginned","2022","2022","t","13987","A","Official value",""
"QCL","Crops and livestock products","710","South Africa","5510","Production","0143","Cotton seed","2022","2022","t","25276","A","Official value",""
"QCL","Crops and livestock products","710","South Africa","5510","Production","2168","Cottonseed oil","2022","2022","t","6200","X","Value from external organization","Unofficial figure"
"QCL","Crops and livestock products","710","South Africa","5510","Production","01706","Cow peas, dry","2022","2022","t","4569.74","I","Value imputed by a receiving agency",""
"QCL","Crops and livestock products","710","South Africa","5510","Production","22120","Cream, fresh","2022","2022","t","2327.91","I","Value imputed by a receiving agency",""
"QCL","Crops and livestock products","710","South Africa","5510","Production","01232","Cucumbers and gherkins","2022","2022","t","29448","A","Official value",""
"QCL","Crops and livestock products","710","South Africa","5510","Production","21151","Edible offal of cattle, fresh, chilled or frozen","2022","2022","t","293314.91","I","Value imputed by a receiving agency",""
"QCL","Crops and livestock products","710","South Africa","5510","Production","21156","Edible offal of goat, fresh, chilled or frozen","2022","2022","t","4166.18","I","Value imputed by a receiving agency",""
"QCL","Crops and livestock products","710","South Africa","5510","Production","21153","Edible offal of pigs, fresh, chilled or frozen","2022","2022","t","21387.58","I","Value imputed by a receiving agency",""
"QCL","Crops and livestock products","710","South Africa","5510","Production","21155","Edible offal of sheep, fresh, chilled or frozen","2022","2022","t","55891.84","I","Value imputed by a receiving agency",""
"QCL","Crops and livestock products","710","South Africa","5510","Production","21159.01","Edible offals of horses and other equines, fresh, chilled or frozen","2022","2022","t","114.01","I","Value imputed by a receiving agency",""
"QCL","Crops and livestock products","710","South Africa","5510","Production","21511.01","Fat of pigs","2022","2022","t","929.89","I","Value imputed by a receiving agency",""
"QCL","Crops and livestock products","710","South Africa","5510","Production","01315","Figs","2022","2022","t","1850","A","Official value",""
"QCL","Crops and livestock products","710","South Africa","5510","Production","21170.02","Game meat, fresh, chilled or frozen","2022","2022","t","52014.62","E","Estimated value",""
"QCL","Crops and livestock products","710","South Africa","5510","Production","22241.02","Ghee from cow milk","2022","2022","t","2828.15","I","Value imputed by a receiving agency",""
"QCL","Crops and livestock products","710","South Africa","5510","Production","21515","Goat fat, unrendered","2022","2022","t","175.42","I","Value imputed by a receiving agency",""
"QCL","Crops and livestock products","710","South Africa","5510","Production","01330","Grapes","2022","2022","t","2064742.21","A","Official value",""
"QCL","Crops and livestock products","710","South Africa","5510","Production","01290.01","Green corn (maize)","2022","2022","t","419583","A","Official value",""
"QCL","Crops and livestock products","710","South Africa","5510","Production","23913","Green tea (not fermented), black tea (fermented) and partly fermented tea, in immediate packings of a content not exceeding 3 kg","2022","2022","t","3000","X","Value from external organization","Unofficial figure"
"QCL","Crops and livestock products","710","South Africa","5510","Production","2162","Groundnut oil","2022","2022","t","900","X","Value from external organization","Unofficial figure"
"QCL","Crops and livestock products","710","South Africa","5510","Production","0142","Groundnuts, excluding shelled","2022","2022","t","48500","A","Official value",""
"QCL","Crops and livestock products","710","South Africa","5510","Production","0231","Hen eggs in shell, fresh","2022","2022","t","562000","A","Official value",""
"QCL","Crops and livestock products","710","South Africa","5513","Production","0231","Hen eggs in shell, fresh","2022","2022","1000 No","10603774","E","Estimated value",""
"QCL","Crops and livestock products","710","South Africa","5510","Production","01659","Hop cones","2022","2022","t","473.02","E","Estimated value",""
"QCL","Crops and livestock products","710","South Africa","5510","Production","21118.01","Horse meat, fresh or chilled","2022","2022","t","1246.16","I","Value imputed by a receiving agency",""
"QCL","Crops and livestock products","710","South Africa","5510","Production","01922.02","Kenaf, and other textile bast fibres, raw or retted","2022","2022","t","793.16","I","Value imputed by a receiving agency",""
"QCL","Crops and livestock products","710","South Africa","5510","Production","01322","Lemons and limes","2022","2022","t","779334.98","A","Official value",""
"QCL","Crops and livestock products","710","South Africa","5510","Production","01214","Lettuce and chicory","2022","2022","t","33472","A","Official value",""
"QCL","Crops and livestock products","710","South Africa","5510","Production","01709.02","Lupins","2022","2022","t","15750","A","Official value",""
"QCL","Crops and livestock products","710","South Africa","5510","Production","0112","Maize (corn)","2022","2022","t","15470000","A","Official value",""
"QCL","Crops and livestock products","710","South Africa","5510","Production","01316","Mangoes, guavas and mangosteens","2022","2022","t","117916","A","Official value",""
"QCL","Crops and livestock products","710","South Africa","5510","Production","21700.02","Margarine and shortening","2022","2022","t","82185.6","I","Value imputed by a receiving agency",""
"QCL","Crops and livestock products","710","South Africa","5510","Production","21111.01","Meat of cattle with the bone, fresh or chilled","2022","2022","t","1008270","A","Official value",""
"QCL","Crops and livestock products","710","South Africa","5510","Production","21121","Meat of chickens, fresh or chilled","2022","2022","t","1951000","A","Official value",""
"QCL","Crops and livestock products","710","South Africa","5510","Production","21122","Meat of ducks, fresh or chilled","2022","2022","t","1233.83","I","Value imputed by a receiving agency",""
"QCL","Crops and livestock products","710","South Africa","5510","Production","21123","Meat of geese, fresh or chilled","2022","2022","t","511.86","I","Value imputed by a receiving agency",""
"QCL","Crops and livestock products","710","South Africa","5510","Production","21116","Meat of goat, fresh or chilled","2022","2022","t","12060","A","Official value",""
"QCL","Crops and livestock products","710","South Africa","5510","Production","21113.01","Meat of pig with the bone, fresh or chilled","2022","2022","t","353360","A","Official value",""
"QCL","Crops and livestock products","710","South Africa","5510","Production","21115","Meat of sheep, fresh or chilled","2022","2022","t","161100","A","Official value",""
"QCL","Crops and livestock products","710","South Africa","5510","Production","21124","Meat of turkeys, fresh or chilled","2022","2022","t","5619.71","I","Value imputed by a receiving agency",""
"QCL","Crops and livestock products","710","South Africa","5510","Production","0118","Millet","2022","2022","t","6333.85","E","Estimated value",""
"QCL","Crops and livestock products","710","South Africa","5510","Production","23540","Molasses","2022","2022","t","733418.33","I","Value imputed by a receiving agency",""
"QCL","Crops and livestock products","710","South Africa","5510","Production","01270","Mushrooms and truffles","2022","2022","t","32031","A","Official value",""
"QCL","Crops and livestock products","710","South Africa","5510","Production","02910","Natural honey","2022","2022","t","1083.53","I","Value imputed by a receiving agency",""
"QCL","Crops and livestock products","710","South Africa","5510","Production","0117","Oats","2022","2022","t","27550","A","Official value",""
"QCL","Crops and livestock products","710","South Africa","5510","Production","21691.02","Oil of maize","2022","2022","t","85800","X","Value from external organization","Unofficial figure"
"QCL","Crops and livestock products","710","South Africa","5510","Production","21691.07","Oil of sesame seed","2022","2022","t","700.29","I","Value imputed by a receiving agency",""
"QCL","Crops and livestock products","710","South Africa","5510","Production","01253.02","Onions and shallots, dry (excluding dehydrated)","2022","2022","t","693340","A","Official value",""
"QCL","Crops and livestock products","710","South Africa","5510","Production","01323","Oranges","2022","2022","t","1747777.96","A","Official value",""
"QCL","Crops and livestock products","710","South Africa","5510","Production","01241.90","Other beans, green","2022","2022","t","21396","A","Official value",""
"QCL","Crops and livestock products","710","South Africa","5510","Production","01355.90","Other berries and fruits of the genus vaccinium n.e.c.","2022","2022","t","8017","A","Official value",""
"QCL","Crops and livestock products","710","South Africa","5510","Production","01329","Other citrus fruit, n.e.c.","2022","2022","t","11753.8","E","Estimated value",""
"QCL","Crops and livestock products","710","South Africa","5510","Production","01929.90","Other fibre crops, raw, n.e.c.","2022","2022","t","2313.86","I","Value imputed by a receiving agency",""
"QCL","Crops and livestock products","710","South Africa","5510","Production","01359.90","Other fruits, n.e.c.","2022","2022","t","21418","A","Official value",""
"QCL","Crops and livestock products","710","South Africa","5510","Production","01379.90","Other nuts (excluding wild edible nuts and groundnuts), in shell, n.e.c.","2022","2022","t","53229.65","E","Estimated value",""
"QCL","Crops and livestock products","710","South Africa","5510","Production","01449.90","Other oil seeds, n.e.c.","2022","2022","t","15220.41","I","Value imputed by a receiving agency",""
"QCL","Crops and livestock products","710","South Africa","5510","Production","01290.90","Other vegetables, fresh n.e.c.","2022","2022","t","173068","A","Official value",""
"QCL","Crops and livestock products","710","South Africa","5510","Production","01317","Papayas","2022","2022","t","8329.95","A","Official value",""
"QCL","Crops and livestock products","710","South Africa","5510","Production","01345","Peaches and nectarines","2022","2022","t","201253.97","A","Official value",""
"QCL","Crops and livestock products","710","South Africa","5510","Production","01342.01","Pears","2022","2022","t","548965.14","A","Official value",""
"QCL","Crops and livestock products","710","South Africa","5510","Production","01705","Peas, dry","2022","2022","t","883.05","E","Estimated value",""
"QCL","Crops and livestock products","710","South Africa","5510","Production","01242","Peas, green","2022","2022","t","6804","A","Official value",""
"QCL","Crops and livestock products","710","South Africa","5510","Production","21521","Pig fat, rendered","2022","2022","t","1898.63","I","Value imputed by a receiving agency",""
"QCL","Crops and livestock products","710","South Africa","5510","Production","01318","Pineapples","2022","2022","t","132429.39","A","Official value",""
"QCL","Crops and livestock products","710","South Africa","5510","Production","01346","Plums and sloes","2022","2022","t","111226.83","A","Official value",""
"QCL","Crops and livestock products","710","South Africa","5510","Production","01321","Pomelos and grapefruits","2022","2022","t","420175.85","A","Official value",""
"QCL","Crops and livestock products","710","South Africa","5510","Production","01510","Potatoes","2022","2022","t","2532217","A","Official value",""
"QCL","Crops and livestock products","710","South Africa","5510","Production","01235","Pumpkins, squash and gourds","2022","2022","t","277852","A","Official value",""
"QCL","Crops and livestock products","710","South Africa","5510","Production","01342.02","Quinces","2022","2022","t","431","A","Official value",""
"QCL","Crops and livestock products","710","South Africa","5510","Production","01443","Rape or colza seed","2022","2022","t","210000","A","Official value",""
"QCL","Crops and livestock products","710","South Africa","5510","Production","21641.01","Rapeseed or canola oil, crude","2022","2022","t","56600","X","Value from external organization","Unofficial figure"
"QCL","Crops and livestock products","710","South Africa","5510","Production","2351f","Raw cane or beet sugar (centrifugal only)","2022","2022","t","2042000","A","Official value",""
"QCL","Crops and livestock products","710","South Africa","5510","Production","02951.01","Raw hides and skins of cattle","2022","2022","t","126492.05","I","Value imputed by a receiving agency",""
"QCL","Crops and livestock products","710","South Africa","5510","Production","02954","Raw hides and skins of goats or kids","2022","2022","t","1052.51","I","Value imputed by a receiving agency",""
"QCL","Crops and livestock products","710","South Africa","5510","Production","02953","Raw hides and skins of sheep or lambs","2022","2022","t","23343.06","I","Value imputed by a receiving agency",""
"QCL","Crops and livestock products","710","South Africa","5510","Production","02211","Raw milk of cattle","2022","2022","t","3764000","A","Official value",""
"QCL","Crops and livestock products","710","South Africa","5510","Production","0113","Rice","2022","2022","t","3081.13","I","Value imputed by a receiving agency",""
"QCL","Crops and livestock products","710","South Africa","5510","Production","0116","Rye","2022","2022","t","1960.66","E","Estimated value",""
"QCL","Crops and livestock products","710","South Africa","5510","Production","01921.01","Seed cotton, unginned","2022","2022","t","41437","A","Official value",""
"QCL","Crops and livestock products","710","South Africa","5510","Production","21514","Sheep fat, unrendered","2022","2022","t","2301.43","I","Value imputed by a receiving agency",""
"QCL","Crops and livestock products","710","South Africa","5510","Production","02941","Shorn wool, greasy, including fleece-washed shorn wool","2022","2022","t","43563.51","I","Value imputed by a receiving agency",""
"QCL","Crops and livestock products","710","South Africa","5510","Production","01929.05","Sisal, raw","2022","2022","t","1263.88","I","Value imputed by a receiving agency",""
"QCL","Crops and livestock products","710","South Africa","5510","Production","22212","Skim milk and whey powder","2022","2022","t","3544.91","I","Value imputed by a receiving agency",""
"QCL","Crops and livestock products","710","South Africa","5510","Production","22110.02","Skim milk of cows","2022","2022","t","305782.88","I","Value imputed by a receiving agency",""
"QCL","Crops and livestock products","710","South Africa","5510","Production","22221.02","Skim milk, evaporated","2022","2022","t","3839.76","I","Value imputed by a receiving agency",""
"QCL","Crops and livestock products","710","South Africa","5510","Production","0114","Sorghum","2022","2022","t","103140","A","Official value",""
"QCL","Crops and livestock products","710","South Africa","5510","Production","2161","Soya bean oil","2022","2022","t","299900","X","Value from external organization","Unofficial figure"
"QCL","Crops and livestock products","710","South Africa","5510","Production","0141","Soya beans","2022","2022","t","2230000","A","Official value",""
"QCL","Crops and livestock products","710","South Africa","5510","Production","01354","Strawberries","2022","2022","t","12863.11","A","Official value",""
"QCL","Crops and livestock products","710","South Africa","5510","Production","01802","Sugar cane","2022","2022","t","17911000","A","Official value",""
"QCL","Crops and livestock products","710","South Africa","5510","Production","01445","Sunflower seed","2022","2022","t","845550","A","Official value",""
"QCL","Crops and livestock products","710","South Africa","5510","Production","21631.01","Sunflower-seed oil, crude","2022","2022","t","275000","X","Value from external organization","Unofficial figure"
"QCL","Crops and livestock products","710","South Africa","5510","Production","01530","Sweet potatoes","2022","2022","t","91666","A","Official value",""
"QCL","Crops and livestock products","710","South Africa","5510","Production","21523","Tallow","2022","2022","t","67000","X","Value from external organization","Unofficial figure"
"QCL","Crops and livestock products","710","South Africa","5510","Production","01324","Tangerines, mandarins, clementines","2022","2022","t","639000","X","Value from external organization","Unofficial figure"
"QCL","Crops and livestock products","710","South Africa","5510","Production","01620","Tea leaves","2022","2022","t","1750.49","I","Value imputed by a receiving agency",""
"QCL","Crops and livestock products","710","South Africa","5510","Production","01234","Tomatoes","2022","2022","t","471681","A","Official value",""
"QCL","Crops and livestock products","710","South Africa","5510","Production","01970","Unmanufactured tobacco","2022","2022","t","10000","A","Official value",""
"QCL","Crops and livestock products","710","South Africa","5510","Production","01221","Watermelons","2022","2022","t","63101","A","Official value",""
"QCL","Crops and livestock products","710","South Africa","5510","Production","0111","Wheat","2022","2022","t","2110000","A","Official value",""
"QCL","Crops and livestock products","710","South Africa","5510","Production","22130.02","Whey, dry","2022","2022","t","2956.53","I","Value imputed by a receiving agency",""
"QCL","Crops and livestock products","710","South Africa","5510","Production","22211","Whole milk powder","2022","2022","t","6870.25","I","Value imputed by a receiving agency",""
"QCL","Crops and livestock products","710","South Africa","5510","Production","22222.01","Whole milk, condensed","2022","2022","t","7599.24","I","Value imputed by a receiving agency",""
"QCL","Crops and livestock products","710","South Africa","5510","Production","22221.01","Whole milk, evaporated","2022","2022","t","43687.94","I","Value imputed by a receiving agency",""
"QCL","Crops and livestock products","710","South Africa","5510","Production","24212.02","Wine","2022","2022","t","1063700","A","Official value",""
"QCL","Crops and livestock products","626","Timor-Leste","5510","Production","01311","Avocados","2022","2022","t","4487.29","E","Estimated value",""
"QCL","Crops and livestock products","626","Timor-Leste","5510","Production","01312","Bananas","2022","2022","t","688.6","I","Value imputed by a receiving agency",""
"QCL","Crops and livestock products","626","Timor-Leste","5510","Production","01701","Beans, dry","2022","2022","t","10794.17","I","Value imputed by a receiving agency",""
"QCL","Crops and livestock products","626","Timor-Leste","5510","Production","02960.01","Beeswax","2022","2022","t","40","I","Value imputed by a receiving agency",""
"QCL","Crops and livestock products","626","Timor-Leste","5510","Production","21513","Buffalo fat, unrendered","2022","2022","t","23.99","I","Value imputed by a receiving agency",""
"QCL","Crops and livestock products","626","Timor-Leste","5510","Production","22230.04","Buttermilk, dry","2022","2022","t","0.48","I","Value imputed by a receiving agency",""
"QCL","Crops and livestock products","626","Timor-Leste","5510","Production","01212","Cabbages","2022","2022","t","2728.72","E","Estimated value",""
"QCL","Crops and livestock products","626","Timor-Leste","5510","Production","01520.01","Cassava, fresh","2022","2022","t","17808.54","I","Value imputed by a receiving agency",""
"QCL","Crops and livestock products","626","Timor-Leste","5510","Production","21512","Cattle fat, unrendered","2022","2022","t","49.71","I","Value imputed by a receiving agency",""
"QCL","Crops and livestock products","626","Timor-Leste","5510","Production","01655","Cinnamon and cinnamon-tree flowers, raw","2022","2022","t","121.29","I","Value imputed by a receiving agency",""
"QCL","Crops and livestock products","626","Timor-Leste","5510","Production","01640","Cocoa beans","2022","2022","t","177.16","E","Estimated value",""
"QCL","Crops and livestock products","626","Timor-Leste","5510","Production","2166","Coconut oil","2022","2022","t","188","X","Value from external organization","Unofficial figure"
"QCL","Crops and livestock products","626","Timor-Leste","5510","Production","01460","Coconuts, in shell","2022","2022","t","31200","X","Value from external organization","Unofficial figure"
"QCL","Crops and livestock products","626","Timor-Leste","5510","Production","01610","Coffee, green","2022","2022","t","11571.53","I","Value imputed by a receiving agency",""
"QCL","Crops and livestock products","626","Timor-Leste","5510","Production","01232","Cucumbers and gherkins","2022","2022","t","1161.34","I","Value imputed by a receiving agency",""
"QCL","Crops and livestock products","626","Timor-Leste","5510","Production","21152","Edible offal of buffalo, fresh, chilled or frozen","2022","2022","t","110.62","I","Value imputed by a receiving agency",""
"QCL","Crops and livestock products","626","Timor-Leste","5510","Production","21151","Edible offal of cattle, fresh, chilled or frozen","2022","2022","t","201.31","I","Value imputed by a receiving agency",""
"QCL","Crops and livestock products","626","Timor-Leste","5510","Production","21156","Edible offal of goat, fresh, chilled or frozen","2022","2022","t","110.79","I","Value imputed by a receiving agency",""
"QCL","Crops and livestock products","626","Timor-Leste","5510","Production","21153","Edible offal of pigs, fresh, chilled or frozen","2022","2022","t","729.86","I","Value imputed by a receiving agency",""
"QCL","Crops and livestock products","626","Timor-Leste","5510","Production","21155","Edible offal of sheep, fresh, chilled or frozen","2022","2022","t","13.02","I","Value imputed by a receiving agency",""
"QCL","Crops and livestock products","626","Timor-Leste","5510","Production","01599.10","Edible roots and tubers with high starch or inulin content, n.e.c., fresh","2022","2022","t","27246.31","E","Estimated value",""
"QCL","Crops and livestock products","626","Timor-Leste","5510","Production","21511.01","Fat of pigs","2022","2022","t","716.08","I","Value imputed by a receiving agency",""
"QCL","Crops and livestock products","626","Timor-Leste","5510","Production","21515","Goat fat, unrendered","2022","2022","t","22.39","I","Value imputed by a receiving agency",""
"QCL","Crops and livestock products","626","Timor-Leste","5510","Production","01252","Green garlic","2022","2022","t","393.93","E","Estimated value",""
"QCL","Crops and livestock products","626","Timor-Leste","5510","Production","23913","Green tea (not fermented), black tea (fermented) and partly fermented tea, in immediate packings of a content not exceeding 3 kg","2022","2022","t","18","I","Value imputed by a receiving agency",""
"QCL","Crops and livestock products","626","Timor-Leste","5510","Production","0142","Groundnuts, excluding shelled","2022","2022","t","3166.2","I","Value imputed by a receiving agency",""
"QCL","Crops and livestock products","626","Timor-Leste","5510","Production","0231","Hen eggs in shell, fresh","2022","2022","t","1163.68","E","Estimated value",""
"QCL","Crops and livestock products","626","Timor-Leste","5513","Production","0231","Hen eggs in shell, fresh","2022","2022","1000 No","28000","E","Estimated value",""
"QCL","Crops and livestock products","626","Timor-Leste","5510","Production","0112","Maize (corn)","2022","2022","t","87000","X","Value from external organization","Unofficial figure"
"QCL","Crops and livestock products","626","Timor-Leste","5510","Production","01316","Mangoes, guavas and mangosteens","2022","2022","t","7470.49","E","Estimated value",""
"QCL","Crops and livestock products","626","Timor-Leste","5510","Production","21112","Meat of buffalo, fresh or chilled","2022","2022","t","663.7","I","Value imputed by a receiving agency",""
"QCL","Crops and livestock products","626","Timor-Leste","5510","Production","21111.01","Meat of cattle with the bone, fresh or chilled","2022","2022","t","1277.43","I","Value imputed by a receiving agency",""
"QCL","Crops and livestock products","626","Timor-Leste","5510","Production","21121","Meat of chickens, fresh or chilled","2022","2022","t","902.19","E","Estimated value",""
"QCL","Crops and livestock products","626","Timor-Leste","5510","Production","21116","Meat of goat, fresh or chilled","2022","2022","t","574","I","Value imputed by a receiving agency",""
"QCL","Crops and livestock products","626","Timor-Leste","5510","Production","21113.01","Meat of pig with the bone, fresh or chilled","2022","2022","t","9942.56","I","Value imputed by a receiving agency",""
"QCL","Crops and livestock products","626","Timor-Leste","5510","Production","21115","Meat of sheep, fresh or chilled","2022","2022","t","71.53","I","Value imputed by a receiving agency",""
"QCL","Crops and livestock products","626","Timor-Leste","5510","Production","02910","Natural honey","2022","2022","t","586.08","I","Value imputed by a receiving agency",""
"QCL","Crops and livestock products","626","Timor-Leste","5510","Production","01950.01","Natural rubber in primary forms","2022","2022","t","","M","Missing value; data cannot exist",""
"QCL","Crops and livestock products","626","Timor-Leste","5510","Production","01323","Oranges","2022","2022","t","1932.97","E","Estimated value",""
"QCL","Crops and livestock products","626","Timor-Leste","5510","Production","01241.90","Other beans, green","2022","2022","t","3764.48","I","Value imputed by a receiving agency",""
"QCL","Crops and livestock products","626","Timor-Leste","5510","Production","21119.90","Other meat of mammals, fresh or chilled","2022","2022","t","17291.16","I","Value imputed by a receiving agency",""
"QCL","Crops and livestock products","626","Timor-Leste","5510","Production","01449.90","Other oil seeds, n.e.c.","2022","2022","t","","M","Missing value; data cannot exist",""
"QCL","Crops and livestock products","626","Timor-Leste","5510","Production","01709.90","Other pulses n.e.c.","2022","2022","t","","M","Missing value; data cannot exist",""
"QCL","Crops and livestock products","626","Timor-Leste","5510","Production","01699","Other stimulant, spice and aromatic crops, n.e.c.","2022","2022","t","271.98","I","Value imputed by a receiving agency",""
"QCL","Crops and livestock products","626","Timor-Leste","5510","Production","01319","Other tropical fruits, n.e.c.","2022","2022","t","1090.84","I","Value imputed by a receiving agency",""
"QCL","Crops and livestock products","626","Timor-Leste","5510","Production","01290.90","Other vegetables, fresh n.e.c.","2022","2022","t","27095.25","E","Estimated value",""
"QCL","Crops and livestock products","626","Timor-Leste","5510","Production","01317","Papayas","2022","2022","t","2218.59","E","Estimated value",""
"QCL","Crops and livestock products","626","Timor-Leste","5510","Production","01318","Pineapples","2022","2022","t","136.38","E","Estimated value",""
"QCL","Crops and livestock products","626","Timor-Leste","5510","Production","01510","Potatoes","2022","2022","t","1042.2","I","Value imputed by a receiving agency",""
"QCL","Crops and livestock products","626","Timor-Leste","5510","Production","02951.03","Raw hides and skins of buffaloes","2022","2022","t","111.95","I","Value imputed by a receiving agency",""
"QCL","Crops and livestock products","626","Timor-Leste","5510","Production","02951.01","Raw hides and skins of cattle","2022","2022","t","178.94","I","Value imputed by a receiving agency",""
"QCL","Crops and livestock products","626","Timor-Leste","5510","Production","02954","Raw hides and skins of goats or kids","2022","2022","t","110.79","I","Value imputed by a receiving agency",""
"QCL","Crops and livestock products","626","Timor-Leste","5510","Production","02953","Raw hides and skins of sheep or lambs","2022","2022","t","14.04","I","Value imputed by a receiving agency",""
"QCL","Crops and livestock products","626","Timor-Leste","5510","Production","02292","Raw milk of goats","2022","2022","t","6492.4","I","Value imputed by a receiving agency",""
"QCL","Crops and livestock products","626","Timor-Leste","5510","Production","0113","Rice","2022","2022","t","85500","A","Official value",""
"QCL","Crops and livestock products","626","Timor-Leste","5510","Production","21514","Sheep fat, unrendered","2022","2022","t","3.51","I","Value imputed by a receiving agency",""
"QCL","Crops and livestock products","626","Timor-Leste","5510","Production","0141","Soya beans","2022","2022","t","775.81","I","Value imputed by a receiving agency",""
"QCL","Crops and livestock products","626","Timor-Leste","5510","Production","01530","Sweet potatoes","2022","2022","t","4574.06","I","Value imputed by a receiving agency",""
"QCL","Crops and livestock products","626","Timor-Leste","5510","Production","01234","Tomatoes","2022","2022","t","598.67","E","Estimated value",""
"QCL","Crops and livestock products","626","Timor-Leste","5510","Production","01970","Unmanufactured tobacco","2022","2022","t","","M","Missing value; data cannot exist",""
"QCL","Crops and livestock products","834","United Republic of Tanzania","5510","Production","01654","Anise, badian, coriander, cumin, caraway, fennel and juniper berries, raw","2022","2022","t","1361.24","E","Estimated value",""
"QCL","Crops and livestock products","834","United Republic of Tanzania","5510","Production","01312","Bananas","2022","2022","t","3274598.7","E","Estimated value",""
"QCL","Crops and livestock products","834","United Republic of Tanzania","5510","Production","0115","Barley","2022","2022","t","11664.66","I","Value imputed by a receiving agency",""
"QCL","Crops and livestock products","834","United Republic of Tanzania","5510","Production","01701","Beans, dry","2022","2022","t","1269000","A","Official value",""
"QCL","Crops and livestock products","834","United Republic of Tanzania","5510","Production","24310.01","Beer of barley, malted","2022","2022","t","456000","A","Official value",""
"QCL","Crops and livestock products","834","United Republic of Tanzania","5510","Production","02960.01","Beeswax","2022","2022","t","1899.07","I","Value imputed by a receiving agency",""
"QCL","Crops and livestock products","834","United Republic of Tanzania","5510","Production","01243","Broad beans and horse beans, green","2022","2022","t","6774.56","I","Value imputed by a receiving agency",""
"QCL","Crops and livestock products","834","United Republic of Tanzania","5510","Production","01192","Buckwheat","2022","2022","t","22247.65","E","Estimated value",""
"QCL","Crops and livestock products","834","United Republic of Tanzania","5510","Production","22241.01","Butter of cow milk","2022","2022","t","38660.39","I","Value imputed by a receiving agency",""
"QCL","Crops and livestock products","834","United Republic of Tanzania","5510","Production","22230.04","Buttermilk, dry","2022","2022","t","6182.26","I","Value imputed by a receiving agency",""
"QCL","Crops and livestock products","834","United Republic of Tanzania","5510","Production","01212","Cabbages","2022","2022","t","86243.19","E","Estimated value",""
"QCL","Crops and livestock products","834","United Republic of Tanzania","5510","Production","01251","Carrots and turnips","2022","2022","t","1397.73","I","Value imputed by a receiving agency",""
"QCL","Crops and livestock products","834","United Republic of Tanzania","5510","Production","01372","Cashew nuts, in shell","2022","2022","t","240158","A","Official value",""
"QCL","Crops and livestock products","834","United Republic of Tanzania","5510","Production","01520.01","Cassava, fresh","2022","2022","t","10800000","E","Estimated value",""
"QCL","Crops and livestock products","834","United Republic of Tanzania","5510","Production","01447","Castor oil seeds","2022","2022","t","3000","X","Value from external organization","Unofficial figure"
"QCL","Crops and livestock products","834","United Republic of Tanzania","5510","Production","21512","Cattle fat, unrendered","2022","2022","t","13624.6","I","Value imputed by a receiving agency",""
"QCL","Crops and livestock products","834","United Republic of Tanzania","5510","Production","01199.90","Cereals n.e.c.","2022","2022","t","58331.91","E","Estimated value",""
"QCL","Crops and livestock products","834","United Republic of Tanzania","5510","Production","22251.01","Cheese from whole cow milk","2022","2022","t","23932.62","I","Value imputed by a receiving agency",""
"QCL","Crops and livestock products","834","United Republic of Tanzania","5510","Production","01703","Chick peas, dry","2022","2022","t","18727","A","Official value",""
"QCL","Crops and livestock products","834","United Republic of Tanzania","5510","Production","01652","Chillies and peppers, dry (Capsicum spp., Pimenta spp.), raw","2022","2022","t","6822.69","I","Value imputed by a receiving agency",""
"QCL","Crops and livestock products","834","United Republic of Tanzania","5510","Production","01231","Chillies and peppers, green (Capsicum spp. and Pimenta spp.)","2022","2022","t","15798.69","E","Estimated value",""
"QCL","Crops and livestock products","834","United Republic of Tanzania","5510","Production","01656","Cloves (whole stems), raw","2022","2022","t","8562.41","E","Estimated value",""
"QCL","Crops and livestock products","834","United Republic of Tanzania","5510","Production","01640","Cocoa beans","2022","2022","t","12000","X","Value from external organization","Unofficial figure"
"QCL","Crops and livestock products","834","United Republic of Tanzania","5510","Production","2166","Coconut oil","2022","2022","t","14500","X","Value from external organization","Unofficial figure"
"QCL","Crops and livestock products","834","United Republic of Tanzania","5510","Production","01460","Coconuts, in shell","2022","2022","t","480000","X","Value from external organization","Unofficial figure"
"QCL","Crops and livestock products","834","United Republic of Tanzania","5510","Production","01610","Coffee, green","2022","2022","t","66837","A","Official value",""
"QCL","Crops and livestock products","834","United Republic of Tanzania","5510","Production","01921.02","Cotton lint, ginned","2022","2022","t","45000","E","Estimated value",""
"QCL","Crops and livestock products","834","United Republic of Tanzania","5510","Production","0143","Cotton seed","2022","2022","t","92000","E","Estimated value",""
"QCL","Crops and livestock products","834","United Republic of Tanzania","5510","Production","2168","Cottonseed oil","2022","2022","t","16100","X","Value from external organization","Unofficial figure"
"QCL","Crops and livestock products","834","United Republic of Tanzania","5510","Production","01706","Cow peas, dry","2022","2022","t","204995","A","Official value",""
"QCL","Crops and livestock products","834","United Republic of Tanzania","5510","Production","21151","Edible offal of cattle, fresh, chilled or frozen","2022","2022","t","81747.6","I","Value imputed by a receiving agency",""
"QCL","Crops and livestock products","834","United Republic of Tanzania","5510","Production","21156","Edible offal of goat, fresh, chilled or frozen","2022","2022","t","20696","I","Value imputed by a receiving agency",""
"QCL","Crops and livestock products","834","United Republic of Tanzania","5510","Production","21153","Edible offal of pigs, fresh, chilled or frozen","2022","2022","t","4758.3","I","Value imputed by a receiving agency",""
"QCL","Crops and livestock products","834","United Republic of Tanzania","5510","Production","21155","Edible offal of sheep, fresh, chilled or frozen","2022","2022","t","8876.4","I","Value imputed by a receiving agency",""
"QCL","Crops and livestock products","834","United Republic of Tanzania","5510","Production","01599.10","Edible roots and tubers with high starch or inulin content, n.e.c., fresh","2022","2022","t","2213.41","E","Estimated value",""
"QCL","Crops and livestock products","834","United Republic of Tanzania","5510","Production","0232","Eggs from other birds in shell, fresh, n.e.c.","2022","2022","t","1850","E","Estimated value",""
"QCL","Crops and livestock products","834","United Republic of Tanzania","5513","Production","0232","Eggs from other birds in shell, fresh, n.e.c.","2022","2022","1000 No","34900","E","Estimated value",""
"QCL","Crops and livestock products","834","United Republic of Tanzania","5510","Production","21511.01","Fat of pigs","2022","2022","t","1220.08","I","Value imputed by a receiving agency",""
"QCL","Crops and livestock products","834","United Republic of Tanzania","5510","Production","21170.02","Game meat, fresh, chilled or frozen","2022","2022","t","24000","E","Estimated value",""
"QCL","Crops and livestock products","834","United Republic of Tanzania","5510","Production","22241.02","Ghee from cow milk","2022","2022","t","19330.19","I","Value imputed by a receiving agency",""
"QCL","Crops and livestock products","834","United Republic of Tanzania","5510","Production","01657","Ginger, raw","2022","2022","t","4202.53","I","Value imputed by a receiving agency",""
"QCL","Crops and livestock products","834","United Republic of Tanzania","5510","Production","21515","Goat fat, unrendered","2022","2022","t","2706.4","I","Value imputed by a receiving agency",""
"QCL","Crops and livestock products","834","United Republic of Tanzania","5510","Production","01330","Grapes","2022","2022","t","15513","A","Official value",""
"QCL","Crops and livestock products","834","United Republic of Tanzania","5510","Production","01290.01","Green corn (maize)","2022","2022","t","51942.83","I","Value imputed by a receiving agency",""
"QCL","Crops and livestock products","834","United Republic of Tanzania","5510","Production","01252","Green garlic","2022","2022","t","6222.81","E","Estimated value",""
"QCL","Crops and livestock products","834","United Republic of Tanzania","5510","Production","23913","Green tea (not fermented), black tea (fermented) and partly fermented tea, in immediate packings of a content not exceeding 3 kg","2022","2022","t","25295","A","Official value",""
"QCL","Crops and livestock products","834","United Republic of Tanzania","5510","Production","2162","Groundnut oil","2022","2022","t","6378.13","I","Value imputed by a receiving agency",""
"QCL","Crops and livestock products","834","United Republic of Tanzania","5510","Production","0142","Groundnuts, excluding shelled","2022","2022","t","936799","A","Official value",""
"QCL","Crops and livestock products","834","United Republic of Tanzania","5510","Production","0231","Hen eggs in shell, fresh","2022","2022","t","247500","E","Estimated value",""
"QCL","Crops and livestock products","834","United Republic of Tanzania","5513","Production","0231","Hen eggs in shell, fresh","2022","2022","1000 No","5500000","A","Official value",""
"QCL","Crops and livestock products","834","United Republic of Tanzania","5510","Production","01322","Lemons and limes","2022","2022","t","10366.88","I","Value imputed by a receiving agency",""
"QCL","Crops and livestock products","834","United Republic of Tanzania","5510","Production","0112","Maize (corn)","2022","2022","t","6537000","A","Official value",""
"QCL","Crops and livestock products","834","United Republic of Tanzania","5510","Production","01316","Mangoes, guavas and mangosteens","2022","2022","t","444789","A","Official value",""
"QCL","Crops and livestock products","834","United Republic of Tanzania","5510","Production","21700.02","Margarine and shortening","2022","2022","t","5080.3","I","Value imputed by a receiving agency",""
"QCL","Crops and livestock products","834","United Republic of Tanzania","5510","Production","21111.01","Meat of cattle with the bone, fresh or chilled","2022","2022","t","544984","A","Official value",""
"QCL","Crops and livestock products","834","United Republic of Tanzania","5510","Production","21121","Meat of chickens, fresh or chilled","2022","2022","t","96916","A","Official value",""
"QCL","Crops and livestock products","834","United Republic of Tanzania","5510","Production","21122","Meat of ducks, fresh or chilled","2022","2022","t","1318.41","I","Value imputed by a receiving agency",""
"QCL","Crops and livestock products","834","United Republic of Tanzania","5510","Production","21116","Meat of goat, fresh or chilled","2022","2022","t","79600","E","Estimated value",""
"QCL","Crops and livestock products","834","United Republic of Tanzania","5510","Production","21113.01","Meat of pig with the bone, fresh or chilled","2022","2022","t","47583","A","Official value",""
"QCL","Crops and livestock products","834","United Republic of Tanzania","5510","Production","21115","Meat of sheep, fresh or chilled","2022","2022","t","34140","E","Estimated value",""
"QCL","Crops and livestock products","834","United Republic of Tanzania","5510","Production","0118","Millet","2022","2022","t","335000","X","Value from external organization","Unofficial figure"
"QCL","Crops and livestock products","834","United Republic of Tanzania","5510","Production","23540","Molasses","2022","2022","t","100260.42","I","Value imputed by a receiving agency",""
"QCL","Crops and livestock products","834","United Republic of Tanzania","5510","Production","02910","Natural honey","2022","2022","t","31907.15","I","Value imputed by a receiving agency",""
"QCL","Crops and livestock products","834","United Republic of Tanzania","5510","Production","01653","Nutmeg, mace, cardamoms, raw","2022","2022","t","815.8","E","Estimated value",""
"QCL","Crops and livestock products","834","United Republic of Tanzania","5510","Production","21691.02","Oil of maize","2022","2022","t","38079.15","I","Value imputed by a receiving agency",""
"QCL","Crops and livestock products","834","United Republic of Tanzania","5510","Production","21691.14","Oil of palm kernel","2022","2022","t","3532.93","I","Value imputed by a receiving agency",""
"QCL","Crops and livestock products","834","United Republic of Tanzania","5510","Production","21691.07","Oil of sesame seed","2022","2022","t","752.81","I","Value imputed by a receiving agency",""
"QCL","Crops and livestock products","834","United Republic of Tanzania","5510","Production","01491.01","Oil palm fruit","2022","2022","t","78306.98","E","Estimated value",""
"QCL","Crops and livestock products","834","United Republic of Tanzania","5510","Production","01239.01","Okra","2022","2022","t","43979.63","I","Value imputed by a receiving agency",""
"QCL","Crops and livestock products","834","United Republic of Tanzania","5510","Production","01253.02","Onions and shallots, dry (excluding dehydrated)","2022","2022","t","454221.1","A","Official value",""
"QCL","Crops and livestock products","834","United Republic of Tanzania","5510","Production","01323","Oranges","2022","2022","t","350974","A","Official value",""
"QCL","Crops and livestock products","834","United Republic of Tanzania","5510","Production","01241.90","Other beans, green","2022","2022","t","5522.46","I","Value imputed by a receiving agency",""
"QCL","Crops and livestock products","834","United Republic of Tanzania","5510","Production","01329","Other citrus fruit, n.e.c.","2022","2022","t","48221.4","I","Value imputed by a receiving agency",""
"QCL","Crops and livestock products","834","United Republic of Tanzania","5510","Production","01929.90","Other fibre crops, raw, n.e.c.","2022","2022","t","8025.66","I","Value imputed by a receiving agency",""
"QCL","Crops and livestock products","834","United Republic of Tanzania","5510","Production","01359.90","Other fruits, n.e.c.","2022","2022","t","202159.97","I","Value imputed by a receiving agency",""
"QCL","Crops and livestock products","834","United Republic of Tanzania","5510","Production","01379.90","Other nuts (excluding wild edible nuts and groundnuts), in shell, n.e.c.","2022","2022","t","29431.18","E","Estimated value",""
"QCL","Crops and livestock products","834","United Republic of Tanzania","5510","Production","01449.90","Other oil seeds, n.e.c.","2022","2022","t","49610.47","E","Estimated value",""
"QCL","Crops and livestock products","834","United Republic of Tanzania","5510","Production","01709.90","Other pulses n.e.c.","2022","2022","t","63576.69","I","Value imputed by a receiving agency",""
"QCL","Crops and livestock products","834","United Republic of Tanzania","5510","Production","01319","Other tropical fruits, n.e.c.","2022","2022","t","50623.13","I","Value imputed by a receiving agency",""
"QCL","Crops and livestock products","834","United Republic of Tanzania","5510","Production","01290.90","Other vegetables, fresh n.e.c.","2022","2022","t","1954299.08","E","Estimated value",""
"QCL","Crops and livestock products","834","United Republic of Tanzania","5510","Production","01491.02","Palm kernels","2022","2022","t","7157.35","I","Value imputed by a receiving agency",""
"QCL","Crops and livestock products","834","United Republic of Tanzania","5510","Production","2165","Palm oil","2022","2022","t","5628.69","I","Value imputed by a receiving agency",""
"QCL","Crops and livestock products","834","United Republic of Tanzania","5510","Production","01342.01","Pears","2022","2022","t","5178.21","E","Estimated value",""
"QCL","Crops and livestock products","834","United Republic of Tanzania","5510","Production","01705","Peas, dry","2022","2022","t","19064.18","I","Value imputed by a receiving agency",""
"QCL","Crops and livestock products","834","United Republic of Tanzania","5510","Production","01242","Peas, green","2022","2022","t","9704.88","E","Estimated value",""
"QCL","Crops and livestock products","834","United Republic of Tanzania","5510","Production","01651","Pepper (Piper spp.), raw","2022","2022","t","436.53","E","Estimated value",""
"QCL","Crops and livestock products","834","United Republic of Tanzania","5510","Production","01707","Pigeon peas, dry","2022","2022","t","80120","A","Official value",""
"QCL","Crops and livestock products","834","United Republic of Tanzania","5510","Production","01318","Pineapples","2022","2022","t","474166.24","I","Value imputed by a receiving agency",""
"QCL","Crops and livestock products","834","United Republic of Tanzania","5510","Production","01313","Plantains and cooking bananas","2022","2022","t","581130.45","I","Value imputed by a receiving agency",""
"QCL","Crops and livestock products","834","United Republic of Tanzania","5510","Production","01346","Plums and sloes","2022","2022","t","4188.27","E","Estimated value",""
"QCL","Crops and livestock products","834","United Republic of Tanzania","5510","Production","01510","Potatoes","2022","2022","t","431000","A","Official value",""
"QCL","Crops and livestock products","834","United Republic of Tanzania","5510","Production","01930.02","Pyrethrum, dried flowers","2022","2022","t","2694","A","Official value",""
"QCL","Crops and livestock products","834","United Republic of Tanzania","5510","Production","2351f","Raw cane or beet sugar (centrifugal only)","2022","2022","t","385000","X","Value from external organization","Unofficial figure"
"QCL","Crops and livestock products","834","United Republic of Tanzania","5510","Production","02951.01","Raw hides and skins of cattle","2022","2022","t","104804.62","I","Value imputed by a receiving agency",""
"QCL","Crops and livestock products","834","United Republic of Tanzania","5510","Production","02954","Raw hides and skins of goats or kids","2022","2022","t","15920","I","Value imputed by a receiving agency",""
"QCL","Crops and livestock products","834","United Republic of Tanzania","5510","Production","02953","Raw hides and skins of sheep or lambs","2022","2022","t","8193.6","I","Value imputed by a receiving agency",""
"QCL","Crops and livestock products","834","United Republic of Tanzania","5510","Production","02211","Raw milk of cattle","2022","2022","t","3708000","A","Official value",""
"QCL","Crops and livestock products","834","United Republic of Tanzania","5510","Production","02292","Raw milk of goats","2022","2022","t","256135.89","I","Value imputed by a receiving agency",""
"QCL","Crops and livestock products","834","United Republic of Tanzania","5510","Production","0113","Rice","2022","2022","t","4135400","E","Estimated value",""
"QCL","Crops and livestock products","834","United Republic of Tanzania","5510","Production","01446","Safflower seed","2022","2022","t","14392.43","E","Estimated value",""
"QCL","Crops and livestock products","834","United Republic of Tanzania","5510","Production","01921.01","Seed cotton, unginned","2022","2022","t","144792","A","Official value",""
"QCL","Crops and livestock products","834","United Republic of Tanzania","5510","Production","01444","Sesame seed","2022","2022","t","79170.43","A","Official value",""
"QCL","Crops and livestock products","834","United Republic of Tanzania","5510","Production","21514","Sheep fat, unrendered","2022","2022","t","1980.12","I","Value imputed by a receiving agency",""
"QCL","Crops and livestock products","834","United Republic of Tanzania","5510","Production","02941","Shorn wool, greasy, including fleece-washed shorn wool","2022","2022","t","7481.53","I","Value imputed by a receiving agency",""
"QCL","Crops and livestock products","834","United Republic of Tanzania","5510","Production","01929.05","Sisal, raw","2022","2022","t","44151","A","Official value",""
"QCL","Crops and livestock products","834","United Republic of Tanzania","5510","Production","22110.02","Skim milk of cows","2022","2022","t","1259224.07","I","Value imputed by a receiving agency",""
"QCL","Crops and livestock products","834","United Republic of Tanzania","5510","Production","0114","Sorghum","2022","2022","t","768000","A","Official value",""
"QCL","Crops and livestock products","834","United Republic of Tanzania","5510","Production","0141","Soya beans","2022","2022","t","60000","E","Estimated value",""
"QCL","Crops and livestock products","834","United Republic of Tanzania","5510","Production","01802","Sugar cane","2022","2022","t","3388832.15","E","Estimated value",""
"QCL","Crops and livestock products","834","United Republic of Tanzania","5510","Production","01445","Sunflower seed","2022","2022","t","1150000","X","Value from external organization","Unofficial figure"
"QCL","Crops and livestock products","834","United Republic of Tanzania","5510","Production","21631.01","Sunflower-seed oil, crude","2022","2022","t","314000","X","Value from external organization","Unofficial figure"
"QCL","Crops and livestock products","834","United Republic of Tanzania","5510","Production","01530","Sweet potatoes","2022","2022","t","1846000","A","Official value",""
"QCL","Crops and livestock products","834","United Republic of Tanzania","5510","Production","01620","Tea leaves","2022","2022","t","145000","E","Estimated value",""
"QCL","Crops and livestock products","834","United Republic of Tanzania","5510","Production","01234","Tomatoes","2022","2022","t","560172.9","A","Official value",""
"QCL","Crops and livestock products","834","United Republic of Tanzania","5510","Production","01970","Unmanufactured tobacco","2022","2022","t","70699","A","Official value",""
"QCL","Crops and livestock products","834","United Republic of Tanzania","5510","Production","01221","Watermelons","2022","2022","t","94215","A","Official value",""
"QCL","Crops and livestock products","834","United Republic of Tanzania","5510","Production","0111","Wheat","2022","2022","t","66000","A","Official value",""
"QCL","Crops and livestock products","834","United Republic of Tanzania","5510","Production","01540","Yams","2022","2022","t","9364.08","E","Estimated value",""
